#
# There is insufficient memory for the Java Runtime Environment to continue.
# Native memory allocation (malloc) failed to allocate 1710384 bytes for Chunk::new
# Possible reasons:
#   The system is out of physical RAM or swap space
#   The process is running with CompressedOops enabled, and the Java Heap may be blocking the growth of the native heap
# Possible solutions:
#   Reduce memory load on the system
#   Increase physical memory or swap space
#   Check if swap backing store is full
#   Decrease Java heap size (-Xmx/-Xms)
#   Decrease number of Java threads
#   Decrease Java thread stack sizes (-Xss)
#   Set larger code cache with -XX:ReservedCodeCacheSize=
#   JVM is running with Unscaled Compressed Oops mode in which the Java heap is
#     placed in the first 4GB address space. The Java Heap base address is the
#     maximum limit for the native heap growth. Please use -XX:HeapBaseMinAddress
#     to set the Java Heap base and to place the Java Heap above 4GB virtual address.
# This output file may be truncated or incomplete.
#
#  Out of Memory Error (arena.cpp:189), pid=17696, tid=15404
#
# JRE version: OpenJDK Runtime Environment (17.0.6) (build 17.0.6+0-b2043.56-10027231)
# Java VM: OpenJDK 64-Bit Server VM (17.0.6+0-b2043.56-10027231, mixed mode, tiered, compressed oops, compressed class ptrs, g1 gc, windows-amd64)
# No core dump will be written. Minidumps are not enabled by default on client versions of Windows
#

---------------  S U M M A R Y ------------

Command Line: --add-opens=java.base/java.util=ALL-UNNAMED --add-opens=java.base/java.lang=ALL-UNNAMED --add-opens=java.base/java.lang.invoke=ALL-UNNAMED --add-opens=java.prefs/java.util.prefs=ALL-UNNAMED --add-opens=java.base/java.nio.charset=ALL-UNNAMED --add-opens=java.base/java.net=ALL-UNNAMED --add-opens=java.base/java.util.concurrent.atomic=ALL-UNNAMED -Xmx1536m -Dfile.encoding=windows-1252 -Duser.country=IN -Duser.language=en -Duser.variant org.gradle.launcher.daemon.bootstrap.GradleDaemon 8.0

Host: 12th Gen Intel(R) Core(TM) i7-1255U, 12 cores, 15G,  Windows 11 , 64 bit Build 22621 (10.0.22621.2428)
Time: Fri Nov 17 17:49:25 2023 India Standard Time elapsed time: 51.885005 seconds (0d 0h 0m 51s)

---------------  T H R E A D  ---------------

Current thread (0x000001db3e0a8bc0):  JavaThread "C2 CompilerThread0" daemon [_thread_in_native, id=15404, stack(0x0000000bb9300000,0x0000000bb9400000)]


Current CompileTask:
C2:  51885 27035 %     4       com.android.tools.r8.dex.B::a @ 316 (1021 bytes)

Stack: [0x0000000bb9300000,0x0000000bb9400000]
Native frames: (J=compiled Java code, j=interpreted, Vv=VM code, C=native code)
V  [jvm.dll+0x683c9a]
V  [jvm.dll+0x8427a4]
V  [jvm.dll+0x843f9e]
V  [jvm.dll+0x844603]
V  [jvm.dll+0x249b75]
V  [jvm.dll+0xabcac]
V  [jvm.dll+0xac27c]
V  [jvm.dll+0x368857]
V  [jvm.dll+0x1bd0b8]
V  [jvm.dll+0x21c359]
V  [jvm.dll+0x21b621]
V  [jvm.dll+0x1a4fdd]
V  [jvm.dll+0x22b098]
V  [jvm.dll+0x229159]
V  [jvm.dll+0x7f81ec]
V  [jvm.dll+0x7f274a]
V  [jvm.dll+0x682ad5]
C  [ucrtbase.dll+0x29363]
C  [KERNEL32.DLL+0x1257d]
C  [ntdll.dll+0x5aa78]


---------------  P R O C E S S  ---------------

Threads class SMR info:
_java_thread_list=0x000001db49ac6060, length=220, elements={
0x000001db245467c0, 0x000001db3e053180, 0x000001db3e053f00, 0x000001db3e0a4000,
0x000001db3e0a49c0, 0x000001db3e0a7480, 0x000001db3e0a7e30, 0x000001db3e0a8bc0,
0x000001db3e0aba70, 0x000001db3e12f540, 0x000001db3e24d190, 0x000001db3e24f670,
0x000001db3fba7950, 0x000001db3f95d0e0, 0x000001db3f668f10, 0x000001db3f6658d0,
0x000001db3fb9c580, 0x000001db3f7c4a30, 0x000001db3f9f55f0, 0x000001db3faf3620,
0x000001db3faf4490, 0x000001db3faf6b10, 0x000001db3faf3150, 0x000001db3faf3af0,
0x000001db3faf3fc0, 0x000001db3faf5ca0, 0x000001db3faf4960, 0x000001db3faf4e30,
0x000001db3faf5300, 0x000001db3faf57d0, 0x000001db3faf6170, 0x000001db3faf6640,
0x000001db406cf420, 0x000001db406cbf30, 0x000001db406cba60, 0x000001db406c80a0,
0x000001db406c8f10, 0x000001db406cef50, 0x000001db406cc8d0, 0x000001db406ccda0,
0x000001db406cf8f0, 0x000001db406cdc10, 0x000001db406cb590, 0x000001db406cd270,
0x000001db406c8a40, 0x000001db406c93e0, 0x000001db406cd740, 0x000001db406ce5b0,
0x000001db406c9d80, 0x000001db406c8570, 0x000001db406ca250, 0x000001db406ca720,
0x000001db406cea80, 0x000001db406cabf0, 0x000001db42aaaa70, 0x000001db42aa9c00,
0x000001db42aa6be0, 0x000001db42aab410, 0x000001db42aac280, 0x000001db42aac750,
0x000001db42aa70b0, 0x000001db42aab8e0, 0x000001db42aa4f00, 0x000001db42aaaf40,
0x000001db42aa7580, 0x000001db42aaa5a0, 0x000001db42aa5d70, 0x000001db42aa8d90,
0x000001db42aabdb0, 0x000001db42aa58a0, 0x000001db42aaa0d0, 0x000001db42aa53d0,
0x000001db42aa6240, 0x000001db42aa6710, 0x000001db42aa7a50, 0x000001db42aa7f20,
0x000001db42aa83f0, 0x000001db42aa88c0, 0x000001db42aa9260, 0x000001db42aa9730,
0x000001db405050a0, 0x000001db40507bf0, 0x000001db40507720, 0x000001db40505a40,
0x000001db405068b0, 0x000001db4050b5b0, 0x000001db405098d0, 0x000001db40506d80,
0x000001db40507250, 0x000001db40509da0, 0x000001db4050a270, 0x000001db405080c0,
0x000001db4050a740, 0x000001db40508a60, 0x000001db40505f10, 0x000001db4050ac10,
0x000001db40505570, 0x000001db40508590, 0x000001db4050b0e0, 0x000001db405063e0,
0x000001db40508f30, 0x000001db40509400, 0x000001db40503d60, 0x000001db40504230,
0x000001db40504700, 0x000001db40504bd0, 0x000001db40ee98e0, 0x000001db40ee68c0,
0x000001db40ee7c00, 0x000001db40ee7260, 0x000001db40ee6d90, 0x000001db40ee63f0,
0x000001db40ee7730, 0x000001db40ee80d0, 0x000001db40ee9410, 0x000001db40ee8a70,
0x000001db40ee85a0, 0x000001db40ee8f40, 0x000001db40ee5f20, 0x000001db40548530,
0x000001db405441d0, 0x000001db405493a0, 0x000001db40545040, 0x000001db40546380,
0x000001db4054abb0, 0x000001db4054b080, 0x000001db40544b70, 0x000001db40549d40,
0x000001db40548060, 0x000001db40548ed0, 0x000001db40547b90, 0x000001db40545510,
0x000001db405476c0, 0x000001db405446a0, 0x000001db40546850, 0x000001db40549870,
0x000001db4054a210, 0x000001db4054a6e0, 0x000001db4054b550, 0x000001db405459e0,
0x000001db40545eb0, 0x000001db40543d00, 0x000001db40546d20, 0x000001db405471f0,
0x000001db40548a00, 0x000001db3eca60c0, 0x000001db3eca3f10, 0x000001db3eca2bd0,
0x000001db3eca30a0, 0x000001db3eca4d80, 0x000001db3eca5250, 0x000001db3eca6590,
0x000001db3eca5720, 0x000001db3eca1d60, 0x000001db3eca1890, 0x000001db3eca2700,
0x000001db3eca48b0, 0x000001db3eca3a40, 0x000001db3eca0a20, 0x000001db3eca6a60,
0x000001db3eca3570, 0x000001db3ec9f210, 0x000001db3ec9f6e0, 0x000001db3eca0ef0,
0x000001db3eca43e0, 0x000001db3ec9fbb0, 0x000001db3eca5bf0, 0x000001db3eca2230,
0x000001db40b36b70, 0x000001db40b35d00, 0x000001db40b35360, 0x000001db40b33b50,
0x000001db40b366a0, 0x000001db40b38d20, 0x000001db40b379e0, 0x000001db40b38380,
0x000001db40b3a530, 0x000001db40b3aa00, 0x000001db40b391f0, 0x000001db40b34020,
0x000001db40b344f0, 0x000001db40b349c0, 0x000001db40b37eb0, 0x000001db40b396c0,
0x000001db457ebe10, 0x000001db47ae13c0, 0x000001db44ca2c60, 0x000001db44ca22c0,
0x000001db477dd6d0, 0x000001db47a8b2a0, 0x000001db47a8c5e0, 0x000001db47a8b770,
0x000001db47a8c110, 0x000001db40df72e0, 0x000001db40b38850, 0x000001db40b39b90,
0x000001db40b3aed0, 0x000001db494ec9e0, 0x000001db495fc320, 0x000001db495fdb30,
0x000001db495fc7f0, 0x000001db495fccc0, 0x000001db477ddba0, 0x000001db49d6b9f0,
0x000001db49d6bec0, 0x000001db49d6c390, 0x000001db49d6c860, 0x000001db49d6cd30,
0x000001db4c4b9430, 0x000001db4c4b9dd0, 0x000001db4c4b8a90, 0x000001db4c4b9900,
0x000001db4c4b85c0, 0x000001db4c4b8f60, 0x000001db4be21000, 0x000001db4be20190,
0x000001db494eceb0, 0x000001db4bc3c060, 0x000001db44ee7870, 0x000001db4772b070
}

Java Threads: ( => current thread )
  0x000001db245467c0 JavaThread "main" [_thread_blocked, id=16396, stack(0x0000000bb8600000,0x0000000bb8700000)]
  0x000001db3e053180 JavaThread "Reference Handler" daemon [_thread_blocked, id=17524, stack(0x0000000bb8d00000,0x0000000bb8e00000)]
  0x000001db3e053f00 JavaThread "Finalizer" daemon [_thread_blocked, id=18080, stack(0x0000000bb8e00000,0x0000000bb8f00000)]
  0x000001db3e0a4000 JavaThread "Signal Dispatcher" daemon [_thread_blocked, id=9592, stack(0x0000000bb8f00000,0x0000000bb9000000)]
  0x000001db3e0a49c0 JavaThread "Attach Listener" daemon [_thread_blocked, id=23380, stack(0x0000000bb9000000,0x0000000bb9100000)]
  0x000001db3e0a7480 JavaThread "Service Thread" daemon [_thread_blocked, id=9792, stack(0x0000000bb9100000,0x0000000bb9200000)]
  0x000001db3e0a7e30 JavaThread "Monitor Deflation Thread" daemon [_thread_blocked, id=26064, stack(0x0000000bb9200000,0x0000000bb9300000)]
=>0x000001db3e0a8bc0 JavaThread "C2 CompilerThread0" daemon [_thread_in_native, id=15404, stack(0x0000000bb9300000,0x0000000bb9400000)]
  0x000001db3e0aba70 JavaThread "C1 CompilerThread0" daemon [_thread_blocked, id=12300, stack(0x0000000bb9400000,0x0000000bb9500000)]
  0x000001db3e12f540 JavaThread "Sweeper thread" daemon [_thread_blocked, id=24876, stack(0x0000000bb9500000,0x0000000bb9600000)]
  0x000001db3e24d190 JavaThread "Common-Cleaner" daemon [_thread_blocked, id=28972, stack(0x0000000bb9600000,0x0000000bb9700000)]
  0x000001db3e24f670 JavaThread "Notification Thread" daemon [_thread_blocked, id=15924, stack(0x0000000bb9700000,0x0000000bb9800000)]
  0x000001db3fba7950 JavaThread "Daemon health stats" [_thread_blocked, id=27272, stack(0x0000000bb9e00000,0x0000000bb9f00000)]
  0x000001db3f95d0e0 JavaThread "Incoming local TCP Connector on port 57764" [_thread_in_native, id=36028, stack(0x0000000bb9f00000,0x0000000bba000000)]
  0x000001db3f668f10 JavaThread "Daemon periodic checks" [_thread_blocked, id=16220, stack(0x0000000bba000000,0x0000000bba100000)]
  0x000001db3f6658d0 JavaThread "Daemon" [_thread_blocked, id=27076, stack(0x0000000bba100000,0x0000000bba200000)]
  0x000001db3fb9c580 JavaThread "Handler for socket connection from /127.0.0.1:57764 to /127.0.0.1:57765" [_thread_in_native, id=34124, stack(0x0000000bba200000,0x0000000bba300000)]
  0x000001db3f7c4a30 JavaThread "Cancel handler" [_thread_blocked, id=21880, stack(0x0000000bba300000,0x0000000bba400000)]
  0x000001db3f9f55f0 JavaThread "Daemon worker" [_thread_blocked, id=31020, stack(0x0000000bba400000,0x0000000bba500000)]
  0x000001db3faf3620 JavaThread "Asynchronous log dispatcher for DefaultDaemonConnection: socket connection from /127.0.0.1:57764 to /127.0.0.1:57765" [_thread_blocked, id=19164, stack(0x0000000bba500000,0x0000000bba600000)]
  0x000001db3faf4490 JavaThread "Stdin handler" [_thread_blocked, id=30744, stack(0x0000000bba600000,0x0000000bba700000)]
  0x000001db3faf6b10 JavaThread "Daemon client event forwarder" [_thread_blocked, id=34888, stack(0x0000000bba700000,0x0000000bba800000)]
  0x000001db3faf3150 JavaThread "Cache worker for journal cache (C:\Users\vaghe\.gradle\caches\journal-1)" [_thread_blocked, id=32012, stack(0x0000000bbae00000,0x0000000bbaf00000)]
  0x000001db3faf3af0 JavaThread "File lock request listener" [_thread_in_native, id=36280, stack(0x0000000bbaf00000,0x0000000bbb000000)]
  0x000001db3faf3fc0 JavaThread "Cache worker for file hash cache (C:\Users\vaghe\.gradle\caches\8.0\fileHashes)" [_thread_blocked, id=18112, stack(0x0000000bbb000000,0x0000000bbb100000)]
  0x000001db3faf5ca0 JavaThread "File watcher server" daemon [_thread_in_native, id=20472, stack(0x0000000bbb100000,0x0000000bbb200000)]
  0x000001db3faf4960 JavaThread "File watcher consumer" daemon [_thread_blocked, id=3416, stack(0x0000000bbb200000,0x0000000bbb300000)]
  0x000001db3faf4e30 JavaThread "Cache worker for checksums cache (D:\Intelehealth\eZazi\backup\Ezazi\.gradle\8.0\checksums)" [_thread_blocked, id=35372, stack(0x0000000bbb300000,0x0000000bbb400000)]
  0x000001db3faf5300 JavaThread "Cache worker for cache directory md-rule (C:\Users\vaghe\.gradle\caches\8.0\md-rule)" [_thread_blocked, id=29668, stack(0x0000000bbb400000,0x0000000bbb500000)]
  0x000001db3faf57d0 JavaThread "Cache worker for file content cache (C:\Users\vaghe\.gradle\caches\8.0\fileContent)" [_thread_blocked, id=36152, stack(0x0000000bbb500000,0x0000000bbb600000)]
  0x000001db3faf6170 JavaThread "Cache worker for file hash cache (D:\Intelehealth\eZazi\backup\Ezazi\.gradle\8.0\fileHashes)" [_thread_blocked, id=31264, stack(0x0000000bbb600000,0x0000000bbb700000)]
  0x000001db3faf6640 JavaThread "Cache worker for cache directory md-supplier (C:\Users\vaghe\.gradle\caches\8.0\md-supplier)" [_thread_blocked, id=24232, stack(0x0000000bbb700000,0x0000000bbb800000)]
  0x000001db406cf420 JavaThread "Cache worker for execution history cache (C:\Users\vaghe\.gradle\caches\8.0\executionHistory)" [_thread_blocked, id=34620, stack(0x0000000bbb800000,0x0000000bbb900000)]
  0x000001db406cbf30 JavaThread "jar transforms" [_thread_blocked, id=29764, stack(0x0000000bbb900000,0x0000000bbba00000)]
  0x000001db406cba60 JavaThread "jar transforms Thread 2" [_thread_blocked, id=2504, stack(0x0000000bbba00000,0x0000000bbbb00000)]
  0x000001db406c80a0 JavaThread "jar transforms Thread 3" [_thread_blocked, id=18272, stack(0x0000000bbbb00000,0x0000000bbbc00000)]
  0x000001db406c8f10 JavaThread "jar transforms Thread 4" [_thread_blocked, id=19008, stack(0x0000000bbbc00000,0x0000000bbbd00000)]
  0x000001db406cef50 JavaThread "Cache worker for dependencies-accessors (D:\Intelehealth\eZazi\backup\Ezazi\.gradle\8.0\dependencies-accessors)" [_thread_blocked, id=32080, stack(0x0000000bbbd00000,0x0000000bbbe00000)]
  0x000001db406cc8d0 JavaThread "jar transforms Thread 5" [_thread_blocked, id=384, stack(0x0000000bbbe00000,0x0000000bbbf00000)]
  0x000001db406ccda0 JavaThread "Cache worker for Build Output Cleanup Cache (D:\Intelehealth\eZazi\backup\Ezazi\.gradle\buildOutputCleanup)" [_thread_blocked, id=21676, stack(0x0000000bbbf00000,0x0000000bbc000000)]
  0x000001db406cf8f0 JavaThread "Unconstrained build operations" [_thread_blocked, id=35464, stack(0x0000000bbc000000,0x0000000bbc100000)]
  0x000001db406cdc10 JavaThread "Unconstrained build operations Thread 2" [_thread_blocked, id=2280, stack(0x0000000bbc100000,0x0000000bbc200000)]
  0x000001db406cb590 JavaThread "Unconstrained build operations Thread 3" [_thread_blocked, id=13712, stack(0x0000000bbc200000,0x0000000bbc300000)]
  0x000001db406cd270 JavaThread "Unconstrained build operations Thread 4" [_thread_blocked, id=31044, stack(0x0000000bbc300000,0x0000000bbc400000)]
  0x000001db406c8a40 JavaThread "Unconstrained build operations Thread 5" [_thread_blocked, id=36484, stack(0x0000000bbc400000,0x0000000bbc500000)]
  0x000001db406c93e0 JavaThread "Unconstrained build operations Thread 6" [_thread_blocked, id=512, stack(0x0000000bbc500000,0x0000000bbc600000)]
  0x000001db406cd740 JavaThread "Unconstrained build operations Thread 7" [_thread_blocked, id=34340, stack(0x0000000bbc600000,0x0000000bbc700000)]
  0x000001db406ce5b0 JavaThread "Unconstrained build operations Thread 8" [_thread_blocked, id=21248, stack(0x0000000bbc700000,0x0000000bbc800000)]
  0x000001db406c9d80 JavaThread "Unconstrained build operations Thread 9" [_thread_blocked, id=36092, stack(0x0000000bbc800000,0x0000000bbc900000)]
  0x000001db406c8570 JavaThread "Unconstrained build operations Thread 10" [_thread_blocked, id=22980, stack(0x0000000bbc900000,0x0000000bbca00000)]
  0x000001db406ca250 JavaThread "Unconstrained build operations Thread 11" [_thread_blocked, id=33644, stack(0x0000000bbca00000,0x0000000bbcb00000)]
  0x000001db406ca720 JavaThread "Unconstrained build operations Thread 12" [_thread_blocked, id=23532, stack(0x0000000bbcb00000,0x0000000bbcc00000)]
  0x000001db406cea80 JavaThread "Unconstrained build operations Thread 13" [_thread_blocked, id=20112, stack(0x0000000bbcc00000,0x0000000bbcd00000)]
  0x000001db406cabf0 JavaThread "Unconstrained build operations Thread 14" [_thread_blocked, id=18968, stack(0x0000000bbcd00000,0x0000000bbce00000)]
  0x000001db42aaaa70 JavaThread "Unconstrained build operations Thread 15" [_thread_blocked, id=32216, stack(0x0000000bbce00000,0x0000000bbcf00000)]
  0x000001db42aa9c00 JavaThread "Unconstrained build operations Thread 16" [_thread_blocked, id=34624, stack(0x0000000bbcf00000,0x0000000bbd000000)]
  0x000001db42aa6be0 JavaThread "Unconstrained build operations Thread 17" [_thread_blocked, id=12880, stack(0x0000000bbd000000,0x0000000bbd100000)]
  0x000001db42aab410 JavaThread "Unconstrained build operations Thread 18" [_thread_blocked, id=9112, stack(0x0000000bbd100000,0x0000000bbd200000)]
  0x000001db42aac280 JavaThread "Unconstrained build operations Thread 19" [_thread_blocked, id=26316, stack(0x0000000bbd200000,0x0000000bbd300000)]
  0x000001db42aac750 JavaThread "Unconstrained build operations Thread 20" [_thread_blocked, id=30016, stack(0x0000000bbd300000,0x0000000bbd400000)]
  0x000001db42aa70b0 JavaThread "Unconstrained build operations Thread 21" [_thread_blocked, id=31844, stack(0x0000000bbd400000,0x0000000bbd500000)]
  0x000001db42aab8e0 JavaThread "Unconstrained build operations Thread 22" [_thread_blocked, id=30292, stack(0x0000000bbd500000,0x0000000bbd600000)]
  0x000001db42aa4f00 JavaThread "Unconstrained build operations Thread 23" [_thread_blocked, id=27228, stack(0x0000000bbd600000,0x0000000bbd700000)]
  0x000001db42aaaf40 JavaThread "Unconstrained build operations Thread 24" [_thread_blocked, id=10808, stack(0x0000000bbd700000,0x0000000bbd800000)]
  0x000001db42aa7580 JavaThread "Unconstrained build operations Thread 25" [_thread_blocked, id=5060, stack(0x0000000bbd800000,0x0000000bbd900000)]
  0x000001db42aaa5a0 JavaThread "Unconstrained build operations Thread 26" [_thread_blocked, id=18460, stack(0x0000000bbd900000,0x0000000bbda00000)]
  0x000001db42aa5d70 JavaThread "Unconstrained build operations Thread 27" [_thread_blocked, id=32608, stack(0x0000000bbda00000,0x0000000bbdb00000)]
  0x000001db42aa8d90 JavaThread "Unconstrained build operations Thread 28" [_thread_blocked, id=19720, stack(0x0000000bbdb00000,0x0000000bbdc00000)]
  0x000001db42aabdb0 JavaThread "Unconstrained build operations Thread 29" [_thread_blocked, id=4744, stack(0x0000000bbdc00000,0x0000000bbdd00000)]
  0x000001db42aa58a0 JavaThread "Unconstrained build operations Thread 30" [_thread_blocked, id=4944, stack(0x0000000bbdd00000,0x0000000bbde00000)]
  0x000001db42aaa0d0 JavaThread "Unconstrained build operations Thread 31" [_thread_blocked, id=9872, stack(0x0000000bbde00000,0x0000000bbdf00000)]
  0x000001db42aa53d0 JavaThread "Unconstrained build operations Thread 32" [_thread_blocked, id=32560, stack(0x0000000bbdf00000,0x0000000bbe000000)]
  0x000001db42aa6240 JavaThread "Unconstrained build operations Thread 33" [_thread_blocked, id=19308, stack(0x0000000bbe000000,0x0000000bbe100000)]
  0x000001db42aa6710 JavaThread "Unconstrained build operations Thread 34" [_thread_blocked, id=22952, stack(0x0000000bbe100000,0x0000000bbe200000)]
  0x000001db42aa7a50 JavaThread "Unconstrained build operations Thread 35" [_thread_blocked, id=16452, stack(0x0000000bbe200000,0x0000000bbe300000)]
  0x000001db42aa7f20 JavaThread "Unconstrained build operations Thread 36" [_thread_blocked, id=29720, stack(0x0000000bbe300000,0x0000000bbe400000)]
  0x000001db42aa83f0 JavaThread "Unconstrained build operations Thread 37" [_thread_blocked, id=8040, stack(0x0000000bbe400000,0x0000000bbe500000)]
  0x000001db42aa88c0 JavaThread "Unconstrained build operations Thread 38" [_thread_blocked, id=32208, stack(0x0000000bbe500000,0x0000000bbe600000)]
  0x000001db42aa9260 JavaThread "Unconstrained build operations Thread 39" [_thread_blocked, id=29188, stack(0x0000000bbe600000,0x0000000bbe700000)]
  0x000001db42aa9730 JavaThread "Unconstrained build operations Thread 40" [_thread_blocked, id=28140, stack(0x0000000bbe700000,0x0000000bbe800000)]
  0x000001db405050a0 JavaThread "Unconstrained build operations Thread 41" [_thread_blocked, id=34912, stack(0x0000000bbe800000,0x0000000bbe900000)]
  0x000001db40507bf0 JavaThread "Unconstrained build operations Thread 42" [_thread_blocked, id=4016, stack(0x0000000bbe900000,0x0000000bbea00000)]
  0x000001db40507720 JavaThread "Unconstrained build operations Thread 43" [_thread_blocked, id=33448, stack(0x0000000bbea00000,0x0000000bbeb00000)]
  0x000001db40505a40 JavaThread "Unconstrained build operations Thread 44" [_thread_blocked, id=34616, stack(0x0000000bbeb00000,0x0000000bbec00000)]
  0x000001db405068b0 JavaThread "Unconstrained build operations Thread 45" [_thread_blocked, id=34156, stack(0x0000000bbec00000,0x0000000bbed00000)]
  0x000001db4050b5b0 JavaThread "Unconstrained build operations Thread 46" [_thread_blocked, id=4224, stack(0x0000000bbed00000,0x0000000bbee00000)]
  0x000001db405098d0 JavaThread "Unconstrained build operations Thread 47" [_thread_blocked, id=26276, stack(0x0000000bbee00000,0x0000000bbef00000)]
  0x000001db40506d80 JavaThread "Unconstrained build operations Thread 48" [_thread_blocked, id=28152, stack(0x0000000bbef00000,0x0000000bbf000000)]
  0x000001db40507250 JavaThread "Unconstrained build operations Thread 49" [_thread_blocked, id=27696, stack(0x0000000bbf000000,0x0000000bbf100000)]
  0x000001db40509da0 JavaThread "Unconstrained build operations Thread 50" [_thread_blocked, id=26440, stack(0x0000000bbf100000,0x0000000bbf200000)]
  0x000001db4050a270 JavaThread "Unconstrained build operations Thread 51" [_thread_blocked, id=14964, stack(0x0000000bbf200000,0x0000000bbf300000)]
  0x000001db405080c0 JavaThread "Unconstrained build operations Thread 52" [_thread_blocked, id=31188, stack(0x0000000bbf300000,0x0000000bbf400000)]
  0x000001db4050a740 JavaThread "Unconstrained build operations Thread 53" [_thread_blocked, id=34316, stack(0x0000000bbf400000,0x0000000bbf500000)]
  0x000001db40508a60 JavaThread "Unconstrained build operations Thread 54" [_thread_blocked, id=17384, stack(0x0000000bbf500000,0x0000000bbf600000)]
  0x000001db40505f10 JavaThread "Unconstrained build operations Thread 55" [_thread_blocked, id=7024, stack(0x0000000bbf600000,0x0000000bbf700000)]
  0x000001db4050ac10 JavaThread "Unconstrained build operations Thread 56" [_thread_blocked, id=23396, stack(0x0000000bbf700000,0x0000000bbf800000)]
  0x000001db40505570 JavaThread "Unconstrained build operations Thread 57" [_thread_blocked, id=34284, stack(0x0000000bbf800000,0x0000000bbf900000)]
  0x000001db40508590 JavaThread "Unconstrained build operations Thread 58" [_thread_blocked, id=8904, stack(0x0000000bbf900000,0x0000000bbfa00000)]
  0x000001db4050b0e0 JavaThread "Unconstrained build operations Thread 59" [_thread_blocked, id=11844, stack(0x0000000bbfa00000,0x0000000bbfb00000)]
  0x000001db405063e0 JavaThread "Unconstrained build operations Thread 60" [_thread_blocked, id=6136, stack(0x0000000bbfb00000,0x0000000bbfc00000)]
  0x000001db40508f30 JavaThread "Unconstrained build operations Thread 61" [_thread_blocked, id=1392, stack(0x0000000bbfc00000,0x0000000bbfd00000)]
  0x000001db40509400 JavaThread "Unconstrained build operations Thread 62" [_thread_blocked, id=11920, stack(0x0000000bbfd00000,0x0000000bbfe00000)]
  0x000001db40503d60 JavaThread "Unconstrained build operations Thread 63" [_thread_blocked, id=23288, stack(0x0000000bbfe00000,0x0000000bbff00000)]
  0x000001db40504230 JavaThread "Unconstrained build operations Thread 64" [_thread_blocked, id=24320, stack(0x0000000bbff00000,0x0000000bc0000000)]
  0x000001db40504700 JavaThread "Unconstrained build operations Thread 65" [_thread_blocked, id=7992, stack(0x0000000bc0000000,0x0000000bc0100000)]
  0x000001db40504bd0 JavaThread "Unconstrained build operations Thread 66" [_thread_blocked, id=12416, stack(0x0000000bc0100000,0x0000000bc0200000)]
  0x000001db40ee98e0 JavaThread "Unconstrained build operations Thread 67" [_thread_blocked, id=35084, stack(0x0000000bc0200000,0x0000000bc0300000)]
  0x000001db40ee68c0 JavaThread "Unconstrained build operations Thread 68" [_thread_blocked, id=33100, stack(0x0000000bc0300000,0x0000000bc0400000)]
  0x000001db40ee7c00 JavaThread "Unconstrained build operations Thread 69" [_thread_blocked, id=31196, stack(0x0000000bc0400000,0x0000000bc0500000)]
  0x000001db40ee7260 JavaThread "Unconstrained build operations Thread 70" [_thread_blocked, id=20704, stack(0x0000000bc0500000,0x0000000bc0600000)]
  0x000001db40ee6d90 JavaThread "Unconstrained build operations Thread 71" [_thread_blocked, id=17352, stack(0x0000000bc0600000,0x0000000bc0700000)]
  0x000001db40ee63f0 JavaThread "Unconstrained build operations Thread 72" [_thread_blocked, id=31288, stack(0x0000000bc0700000,0x0000000bc0800000)]
  0x000001db40ee7730 JavaThread "Unconstrained build operations Thread 73" [_thread_blocked, id=34796, stack(0x0000000bc0800000,0x0000000bc0900000)]
  0x000001db40ee80d0 JavaThread "Unconstrained build operations Thread 74" [_thread_blocked, id=28148, stack(0x0000000bc0900000,0x0000000bc0a00000)]
  0x000001db40ee9410 JavaThread "Unconstrained build operations Thread 75" [_thread_blocked, id=35076, stack(0x0000000bc0a00000,0x0000000bc0b00000)]
  0x000001db40ee8a70 JavaThread "Unconstrained build operations Thread 76" [_thread_blocked, id=28676, stack(0x0000000bc0b00000,0x0000000bc0c00000)]
  0x000001db40ee85a0 JavaThread "Unconstrained build operations Thread 77" [_thread_blocked, id=17652, stack(0x0000000bc0c00000,0x0000000bc0d00000)]
  0x000001db40ee8f40 JavaThread "Unconstrained build operations Thread 78" [_thread_blocked, id=15672, stack(0x0000000bc0d00000,0x0000000bc0e00000)]
  0x000001db40ee5f20 JavaThread "Unconstrained build operations Thread 79" [_thread_blocked, id=29952, stack(0x0000000bc0e00000,0x0000000bc0f00000)]
  0x000001db40548530 JavaThread "Unconstrained build operations Thread 80" [_thread_blocked, id=35516, stack(0x0000000bc0f00000,0x0000000bc1000000)]
  0x000001db405441d0 JavaThread "Unconstrained build operations Thread 81" [_thread_blocked, id=6708, stack(0x0000000bc1000000,0x0000000bc1100000)]
  0x000001db405493a0 JavaThread "Unconstrained build operations Thread 82" [_thread_blocked, id=12468, stack(0x0000000bc1100000,0x0000000bc1200000)]
  0x000001db40545040 JavaThread "Unconstrained build operations Thread 83" [_thread_blocked, id=28524, stack(0x0000000bc1200000,0x0000000bc1300000)]
  0x000001db40546380 JavaThread "Unconstrained build operations Thread 84" [_thread_blocked, id=29596, stack(0x0000000bc1300000,0x0000000bc1400000)]
  0x000001db4054abb0 JavaThread "Unconstrained build operations Thread 85" [_thread_blocked, id=31912, stack(0x0000000bc1400000,0x0000000bc1500000)]
  0x000001db4054b080 JavaThread "Unconstrained build operations Thread 86" [_thread_blocked, id=28116, stack(0x0000000bc1500000,0x0000000bc1600000)]
  0x000001db40544b70 JavaThread "Unconstrained build operations Thread 87" [_thread_blocked, id=15192, stack(0x0000000bc1600000,0x0000000bc1700000)]
  0x000001db40549d40 JavaThread "Unconstrained build operations Thread 88" [_thread_blocked, id=35652, stack(0x0000000bc1700000,0x0000000bc1800000)]
  0x000001db40548060 JavaThread "Unconstrained build operations Thread 89" [_thread_blocked, id=24980, stack(0x0000000bc1800000,0x0000000bc1900000)]
  0x000001db40548ed0 JavaThread "Unconstrained build operations Thread 90" [_thread_blocked, id=36008, stack(0x0000000bc1900000,0x0000000bc1a00000)]
  0x000001db40547b90 JavaThread "Unconstrained build operations Thread 91" [_thread_blocked, id=28368, stack(0x0000000bc1a00000,0x0000000bc1b00000)]
  0x000001db40545510 JavaThread "Unconstrained build operations Thread 92" [_thread_blocked, id=2112, stack(0x0000000bc1b00000,0x0000000bc1c00000)]
  0x000001db405476c0 JavaThread "Unconstrained build operations Thread 93" [_thread_blocked, id=29784, stack(0x0000000bc1c00000,0x0000000bc1d00000)]
  0x000001db405446a0 JavaThread "Unconstrained build operations Thread 94" [_thread_blocked, id=33964, stack(0x0000000bc1d00000,0x0000000bc1e00000)]
  0x000001db40546850 JavaThread "Unconstrained build operations Thread 95" [_thread_blocked, id=36580, stack(0x0000000bc1e00000,0x0000000bc1f00000)]
  0x000001db40549870 JavaThread "Unconstrained build operations Thread 96" [_thread_blocked, id=33656, stack(0x0000000bc1f00000,0x0000000bc2000000)]
  0x000001db4054a210 JavaThread "Unconstrained build operations Thread 97" [_thread_blocked, id=33704, stack(0x0000000bc2000000,0x0000000bc2100000)]
  0x000001db4054a6e0 JavaThread "Unconstrained build operations Thread 98" [_thread_blocked, id=36476, stack(0x0000000bc2100000,0x0000000bc2200000)]
  0x000001db4054b550 JavaThread "Unconstrained build operations Thread 99" [_thread_blocked, id=27516, stack(0x0000000bc2200000,0x0000000bc2300000)]
  0x000001db405459e0 JavaThread "Unconstrained build operations Thread 100" [_thread_blocked, id=33000, stack(0x0000000bc2300000,0x0000000bc2400000)]
  0x000001db40545eb0 JavaThread "Unconstrained build operations Thread 101" [_thread_blocked, id=20344, stack(0x0000000bc2400000,0x0000000bc2500000)]
  0x000001db40543d00 JavaThread "Unconstrained build operations Thread 102" [_thread_blocked, id=9312, stack(0x0000000bc2500000,0x0000000bc2600000)]
  0x000001db40546d20 JavaThread "Unconstrained build operations Thread 103" [_thread_blocked, id=2820, stack(0x0000000bc2600000,0x0000000bc2700000)]
  0x000001db405471f0 JavaThread "Unconstrained build operations Thread 104" [_thread_blocked, id=27920, stack(0x0000000bc2700000,0x0000000bc2800000)]
  0x000001db40548a00 JavaThread "Unconstrained build operations Thread 105" [_thread_blocked, id=22488, stack(0x0000000bc2800000,0x0000000bc2900000)]
  0x000001db3eca60c0 JavaThread "Unconstrained build operations Thread 106" [_thread_blocked, id=33652, stack(0x0000000bc2900000,0x0000000bc2a00000)]
  0x000001db3eca3f10 JavaThread "Unconstrained build operations Thread 107" [_thread_blocked, id=21828, stack(0x0000000bc2a00000,0x0000000bc2b00000)]
  0x000001db3eca2bd0 JavaThread "Unconstrained build operations Thread 108" [_thread_blocked, id=20680, stack(0x0000000bc2b00000,0x0000000bc2c00000)]
  0x000001db3eca30a0 JavaThread "Unconstrained build operations Thread 109" [_thread_blocked, id=7512, stack(0x0000000bc2c00000,0x0000000bc2d00000)]
  0x000001db3eca4d80 JavaThread "Unconstrained build operations Thread 110" [_thread_blocked, id=35068, stack(0x0000000bc2d00000,0x0000000bc2e00000)]
  0x000001db3eca5250 JavaThread "Unconstrained build operations Thread 111" [_thread_blocked, id=5420, stack(0x0000000bc2e00000,0x0000000bc2f00000)]
  0x000001db3eca6590 JavaThread "Unconstrained build operations Thread 112" [_thread_blocked, id=11476, stack(0x0000000bc2f00000,0x0000000bc3000000)]
  0x000001db3eca5720 JavaThread "Unconstrained build operations Thread 113" [_thread_blocked, id=29244, stack(0x0000000bc3000000,0x0000000bc3100000)]
  0x000001db3eca1d60 JavaThread "Unconstrained build operations Thread 114" [_thread_blocked, id=5032, stack(0x0000000bc3100000,0x0000000bc3200000)]
  0x000001db3eca1890 JavaThread "Unconstrained build operations Thread 115" [_thread_blocked, id=10356, stack(0x0000000bc3200000,0x0000000bc3300000)]
  0x000001db3eca2700 JavaThread "Unconstrained build operations Thread 116" [_thread_blocked, id=13020, stack(0x0000000bc3300000,0x0000000bc3400000)]
  0x000001db3eca48b0 JavaThread "Unconstrained build operations Thread 117" [_thread_blocked, id=18836, stack(0x0000000bc3400000,0x0000000bc3500000)]
  0x000001db3eca3a40 JavaThread "Unconstrained build operations Thread 118" [_thread_blocked, id=16916, stack(0x0000000bc3500000,0x0000000bc3600000)]
  0x000001db3eca0a20 JavaThread "Unconstrained build operations Thread 119" [_thread_blocked, id=17828, stack(0x0000000bc3600000,0x0000000bc3700000)]
  0x000001db3eca6a60 JavaThread "Unconstrained build operations Thread 120" [_thread_blocked, id=27172, stack(0x0000000bc3700000,0x0000000bc3800000)]
  0x000001db3eca3570 JavaThread "jar transforms Thread 6" [_thread_blocked, id=19672, stack(0x0000000bc3800000,0x0000000bc3900000)]
  0x000001db3ec9f210 JavaThread "jar transforms Thread 7" [_thread_blocked, id=18036, stack(0x0000000bc3900000,0x0000000bc3a00000)]
  0x000001db3ec9f6e0 JavaThread "jar transforms Thread 8" [_thread_blocked, id=15940, stack(0x0000000bc3a00000,0x0000000bc3b00000)]
  0x000001db3eca0ef0 JavaThread "jar transforms Thread 9" [_thread_blocked, id=35500, stack(0x0000000bc3b00000,0x0000000bc3c00000)]
  0x000001db3eca43e0 JavaThread "jar transforms Thread 10" [_thread_blocked, id=34376, stack(0x0000000bc3c00000,0x0000000bc3d00000)]
  0x000001db3ec9fbb0 JavaThread "jar transforms Thread 11" [_thread_blocked, id=35636, stack(0x0000000bc3d00000,0x0000000bc3e00000)]
  0x000001db3eca5bf0 JavaThread "jar transforms Thread 12" [_thread_blocked, id=33596, stack(0x0000000bc3e00000,0x0000000bc3f00000)]
  0x000001db3eca2230 JavaThread "build event listener" [_thread_blocked, id=30864, stack(0x0000000bc4100000,0x0000000bc4200000)]
  0x000001db40b36b70 JavaThread "build event listener" [_thread_blocked, id=4876, stack(0x0000000bc4200000,0x0000000bc4300000)]
  0x000001db40b35d00 JavaThread "Memory manager" [_thread_blocked, id=4072, stack(0x0000000bc4300000,0x0000000bc4400000)]
  0x000001db40b35360 JavaThread "build event listener" [_thread_blocked, id=7840, stack(0x0000000bc4400000,0x0000000bc4500000)]
  0x000001db40b33b50 JavaThread "included builds" [_thread_blocked, id=19996, stack(0x0000000bc4500000,0x0000000bc4600000)]
  0x000001db40b366a0 JavaThread "Execution worker" [_thread_blocked, id=14960, stack(0x0000000bc4600000,0x0000000bc4700000)]
  0x000001db40b38d20 JavaThread "Execution worker Thread 2" [_thread_blocked, id=25660, stack(0x0000000bc4700000,0x0000000bc4800000)]
  0x000001db40b379e0 JavaThread "Execution worker Thread 3" [_thread_blocked, id=33136, stack(0x0000000bc4800000,0x0000000bc4900000)]
  0x000001db40b38380 JavaThread "Execution worker Thread 4" [_thread_blocked, id=28916, stack(0x0000000bc4900000,0x0000000bc4a00000)]
  0x000001db40b3a530 JavaThread "Execution worker Thread 5" [_thread_blocked, id=14748, stack(0x0000000bc4a00000,0x0000000bc4b00000)]
  0x000001db40b3aa00 JavaThread "Execution worker Thread 6" [_thread_blocked, id=31392, stack(0x0000000bc4b00000,0x0000000bc4c00000)]
  0x000001db40b391f0 JavaThread "Execution worker Thread 7" [_thread_blocked, id=23084, stack(0x0000000bc4c00000,0x0000000bc4d00000)]
  0x000001db40b34020 JavaThread "Execution worker Thread 8" [_thread_blocked, id=20432, stack(0x0000000bc4d00000,0x0000000bc4e00000)]
  0x000001db40b344f0 JavaThread "Execution worker Thread 9" [_thread_blocked, id=3076, stack(0x0000000bc4e00000,0x0000000bc4f00000)]
  0x000001db40b349c0 JavaThread "Execution worker Thread 10" [_thread_blocked, id=30336, stack(0x0000000bc4f00000,0x0000000bc5000000)]
  0x000001db40b37eb0 JavaThread "Execution worker Thread 11" [_thread_blocked, id=28976, stack(0x0000000bc5000000,0x0000000bc5100000)]
  0x000001db40b396c0 JavaThread "Cache worker for execution history cache (D:\Intelehealth\eZazi\backup\Ezazi\.gradle\8.0\executionHistory)" [_thread_blocked, id=33948, stack(0x0000000bc5100000,0x0000000bc5200000)]
  0x000001db457ebe10 JavaThread "WorkerExecutor Queue" [_thread_blocked, id=21992, stack(0x0000000bc5200000,0x0000000bc5300000)]
  0x000001db47ae13c0 JavaThread "WorkerExecutor Queue Thread 2" [_thread_blocked, id=18664, stack(0x0000000bc5300000,0x0000000bc5400000)]
  0x000001db44ca2c60 JavaThread "WorkerExecutor Queue Thread 3" [_thread_blocked, id=28940, stack(0x0000000bc5400000,0x0000000bc5500000)]
  0x000001db44ca22c0 JavaThread "WorkerExecutor Queue Thread 4" [_thread_blocked, id=35328, stack(0x0000000bc5500000,0x0000000bc5600000)]
  0x000001db477dd6d0 JavaThread "WorkerExecutor Queue Thread 5" [_thread_blocked, id=24620, stack(0x0000000bc5600000,0x0000000bc5700000)]
  0x000001db47a8b2a0 JavaThread "WorkerExecutor Queue Thread 6" [_thread_blocked, id=31248, stack(0x0000000bc5700000,0x0000000bc5800000)]
  0x000001db47a8c5e0 JavaThread "WorkerExecutor Queue Thread 7" [_thread_in_native, id=21024, stack(0x0000000bc5800000,0x0000000bc5900000)]
  0x000001db47a8b770 JavaThread "WorkerExecutor Queue Thread 9" [_thread_blocked, id=28500, stack(0x0000000bc5a00000,0x0000000bc5b00000)]
  0x000001db47a8c110 JavaThread "WorkerExecutor Queue Thread 11" [_thread_blocked, id=22288, stack(0x0000000bc5c00000,0x0000000bc5d00000)]
  0x000001db40df72e0 JavaThread "WorkerExecutor Queue Thread 12" [_thread_blocked, id=29156, stack(0x0000000bc5d00000,0x0000000bc5e00000)]
  0x000001db40b38850 JavaThread "pool-3-thread-1" [_thread_blocked, id=33576, stack(0x0000000bc6600000,0x0000000bc6700000)]
  0x000001db40b39b90 JavaThread "stderr" [_thread_in_native, id=31900, stack(0x0000000bc6700000,0x0000000bc6800000)]
  0x000001db40b3aed0 JavaThread "stdout" [_thread_in_native, id=25840, stack(0x0000000bc6800000,0x0000000bc6900000)]
  0x000001db494ec9e0 JavaThread "WorkerExecutor Queue Thread 14" [_thread_blocked, id=32340, stack(0x0000000bc5e00000,0x0000000bc5f00000)]
  0x000001db495fc320 JavaThread "RMI Scheduler(0)" daemon [_thread_blocked, id=26492, stack(0x0000000bc6900000,0x0000000bc6a00000)]
  0x000001db495fdb30 JavaThread "RMI GC Daemon" daemon [_thread_blocked, id=22968, stack(0x0000000bc6b00000,0x0000000bc6c00000)]
  0x000001db495fc7f0 JavaThread "RMI TCP Accept-0" daemon [_thread_in_native, id=26876, stack(0x0000000bc6c00000,0x0000000bc6d00000)]
  0x000001db495fccc0 JavaThread "RMI Reaper" [_thread_blocked, id=20868, stack(0x0000000bc6d00000,0x0000000bc6e00000)]
  0x000001db477ddba0 JavaThread "RMI TCP Connection(1)-127.0.0.1" daemon [_thread_in_native, id=30592, stack(0x0000000bc6e00000,0x0000000bc6f00000)]
  0x000001db49d6b9f0 JavaThread "Cache worker for Java compile cache (C:\Users\vaghe\.gradle\caches\8.0\javaCompile)" [_thread_blocked, id=22612, stack(0x0000000bc6f00000,0x0000000bc7000000)]
  0x000001db49d6bec0 JavaThread "Build operations" [_thread_blocked, id=22716, stack(0x0000000bc7000000,0x0000000bc7100000)]
  0x000001db49d6c390 JavaThread "Build operations Thread 2" [_thread_blocked, id=25668, stack(0x0000000bc7100000,0x0000000bc7200000)]
  0x000001db49d6c860 JavaThread "Build operations Thread 3" [_thread_blocked, id=30328, stack(0x0000000bc7200000,0x0000000bc7300000)]
  0x000001db49d6cd30 JavaThread "Build operations Thread 4" [_thread_blocked, id=35828, stack(0x0000000bc7300000,0x0000000bc7400000)]
  0x000001db4c4b9430 JavaThread "Build operations Thread 5" [_thread_blocked, id=28336, stack(0x0000000bc7400000,0x0000000bc7500000)]
  0x000001db4c4b9dd0 JavaThread "Build operations Thread 6" [_thread_blocked, id=19624, stack(0x0000000bc7500000,0x0000000bc7600000)]
  0x000001db4c4b8a90 JavaThread "Build operations Thread 7" [_thread_blocked, id=17136, stack(0x0000000bc7600000,0x0000000bc7700000)]
  0x000001db4c4b9900 JavaThread "Build operations Thread 8" [_thread_blocked, id=27448, stack(0x0000000bc7700000,0x0000000bc7800000)]
  0x000001db4c4b85c0 JavaThread "Build operations Thread 9" [_thread_blocked, id=24148, stack(0x0000000bc7800000,0x0000000bc7900000)]
  0x000001db4c4b8f60 JavaThread "Build operations Thread 10" [_thread_blocked, id=34716, stack(0x0000000bc7900000,0x0000000bc7a00000)]
  0x000001db4be21000 JavaThread "Build operations Thread 11" [_thread_blocked, id=31280, stack(0x0000000bc7a00000,0x0000000bc7b00000)]
  0x000001db4be20190 JavaThread "Build operations Thread 12" [_thread_blocked, id=19964, stack(0x0000000bc7b00000,0x0000000bc7c00000)]
  0x000001db494eceb0 JavaThread "WorkerExecutor Queue Thread 15" [_thread_blocked, id=1488, stack(0x0000000bc7c00000,0x0000000bc7d00000)]
  0x000001db4bc3c060 JavaThread "C2 CompilerThread1" daemon [_thread_in_native, id=25804, stack(0x0000000bc6a00000,0x0000000bc6b00000)]
  0x000001db44ee7870 JavaThread "WorkerExecutor Queue Thread 16" [_thread_blocked, id=34760, stack(0x0000000bc5900000,0x0000000bc5a00000)]
  0x000001db4772b070 JavaThread "C2 CompilerThread2" daemon [_thread_in_native, id=35924, stack(0x0000000bc7d00000,0x0000000bc7e00000)]

Other Threads:
  0x000001db3d4f3150 VMThread "VM Thread" [stack: 0x0000000bb8c00000,0x0000000bb8d00000] [id=10600]
  0x000001db3e159f90 WatcherThread [stack: 0x0000000bb9800000,0x0000000bb9900000] [id=1936]
  0x000001db245928b0 GCTaskThread "GC Thread#0" [stack: 0x0000000bb8700000,0x0000000bb8800000] [id=33712]
  0x000001db3eec8290 GCTaskThread "GC Thread#1" [stack: 0x0000000bb9900000,0x0000000bb9a00000] [id=14916]
  0x000001db3e807e00 GCTaskThread "GC Thread#2" [stack: 0x0000000bb9a00000,0x0000000bb9b00000] [id=2316]
  0x000001db3e6de0e0 GCTaskThread "GC Thread#3" [stack: 0x0000000bb9b00000,0x0000000bb9c00000] [id=15132]
  0x000001db3e6de390 GCTaskThread "GC Thread#4" [stack: 0x0000000bb9c00000,0x0000000bb9d00000] [id=30084]
  0x000001db3e4d66f0 GCTaskThread "GC Thread#5" [stack: 0x0000000bb9d00000,0x0000000bb9e00000] [id=31732]
  0x000001db4069c870 GCTaskThread "GC Thread#6" [stack: 0x0000000bba800000,0x0000000bba900000] [id=36584]
  0x000001db4069cb20 GCTaskThread "GC Thread#7" [stack: 0x0000000bba900000,0x0000000bbaa00000] [id=33796]
  0x000001db4069c5c0 GCTaskThread "GC Thread#8" [stack: 0x0000000bbaa00000,0x0000000bbab00000] [id=24892]
  0x000001db4069bb00 GCTaskThread "GC Thread#9" [stack: 0x0000000bbab00000,0x0000000bbac00000] [id=23648]
  0x000001db2459f7f0 ConcurrentGCThread "G1 Main Marker" [stack: 0x0000000bb8800000,0x0000000bb8900000] [id=26844]
  0x000001db245a0200 ConcurrentGCThread "G1 Conc#0" [stack: 0x0000000bb8900000,0x0000000bb8a00000] [id=6600]
  0x000001db4069b850 ConcurrentGCThread "G1 Conc#1" [stack: 0x0000000bbac00000,0x0000000bbad00000] [id=29460]
  0x000001db4069c310 ConcurrentGCThread "G1 Conc#2" [stack: 0x0000000bbad00000,0x0000000bbae00000] [id=33248]
  0x000001db2460eab0 ConcurrentGCThread "G1 Refine#0" [stack: 0x0000000bb8a00000,0x0000000bb8b00000] [id=28396]
  0x000001db44dfd060 ConcurrentGCThread "G1 Refine#1" [stack: 0x0000000bc3f00000,0x0000000bc4000000] [id=24888]
  0x000001db44dfd900 ConcurrentGCThread "G1 Refine#2" [stack: 0x0000000bc4000000,0x0000000bc4100000] [id=23140]
  0x000001db3e289690 ConcurrentGCThread "G1 Refine#3" [stack: 0x0000000bc5f00000,0x0000000bc6000000] [id=10688]
  0x000001db42d785b0 ConcurrentGCThread "G1 Refine#4" [stack: 0x0000000bc6000000,0x0000000bc6100000] [id=28488]
  0x000001db450b57d0 ConcurrentGCThread "G1 Refine#5" [stack: 0x0000000bc6100000,0x0000000bc6200000] [id=26696]
  0x000001db475f40a0 ConcurrentGCThread "G1 Refine#6" [stack: 0x0000000bc6200000,0x0000000bc6300000] [id=17596]
  0x000001db49893680 ConcurrentGCThread "G1 Refine#7" [stack: 0x0000000bc6300000,0x0000000bc6400000] [id=10996]
  0x000001db499c5480 ConcurrentGCThread "G1 Refine#8" [stack: 0x0000000bc6400000,0x0000000bc6500000] [id=31856]
  0x000001db47642ae0 ConcurrentGCThread "G1 Refine#9" [stack: 0x0000000bc6500000,0x0000000bc6600000] [id=6832]
  0x000001db3d3a9b10 ConcurrentGCThread "G1 Service" [stack: 0x0000000bb8b00000,0x0000000bb8c00000] [id=20204]

Threads with active compile tasks:
C2 CompilerThread0    51924 27035 %     4       com.android.tools.r8.dex.B::a @ 316 (1021 bytes)
C2 CompilerThread1    51924 27537       4       java.util.TreeMap::remove (24 bytes)
C2 CompilerThread2    51924 27531       4       java.util.TreeMap::fixAfterDeletion (351 bytes)

VM state: not at safepoint (normal execution)

VM Mutex/Monitor currently owned by a thread: None

Heap address: 0x00000000a0000000, size: 1536 MB, Compressed Oops mode: 32-bit

CDS archive(s) not mapped
Compressed class space mapped at: 0x0000000100000000-0x0000000140000000, reserved size: 1073741824
Narrow klass base: 0x0000000000000000, Narrow klass shift: 3, Narrow klass range: 0x140000000

GC Precious Log:
 CPUs: 12 total, 12 available
 Memory: 16068M
 Large Page Support: Disabled
 NUMA Support: Disabled
 Compressed Oops: Enabled (32-bit)
 Heap Region Size: 1M
 Heap Min Capacity: 8M
 Heap Initial Capacity: 252M
 Heap Max Capacity: 1536M
 Pre-touch: Disabled
 Parallel Workers: 10
 Concurrent Workers: 3
 Concurrent Refinement Workers: 10
 Periodic GC: Disabled

Heap:
 garbage-first heap   total 1348608K, used 1105920K [0x00000000a0000000, 0x0000000100000000)
  region size 1024K, 265 young (271360K), 32 survivors (32768K)
 Metaspace       used 142916K, committed 144000K, reserved 1179648K
  class space    used 20201K, committed 20672K, reserved 1048576K

Heap Regions: E=young(eden), S=young(survivor), O=old, HS=humongous(starts), HC=humongous(continues), CS=collection set, F=free, OA=open archive, CA=closed archive, TAMS=top-at-mark-start (previous, next)
|   0|0x00000000a0000000, 0x00000000a0100000, 0x00000000a0100000|100%|HS|  |TAMS 0x00000000a0100000, 0x00000000a0000000| Complete 
|   1|0x00000000a0100000, 0x00000000a0200000, 0x00000000a0200000|100%|HC|  |TAMS 0x00000000a0200000, 0x00000000a0100000| Complete 
|   2|0x00000000a0200000, 0x00000000a0300000, 0x00000000a0300000|100%|HC|  |TAMS 0x00000000a0300000, 0x00000000a0200000| Complete 
|   3|0x00000000a0300000, 0x00000000a0400000, 0x00000000a0400000|100%|HC|  |TAMS 0x00000000a0400000, 0x00000000a0300000| Complete 
|   4|0x00000000a0400000, 0x00000000a0500000, 0x00000000a0500000|100%| O|  |TAMS 0x00000000a0500000, 0x00000000a0400000| Untracked 
|   5|0x00000000a0500000, 0x00000000a0600000, 0x00000000a0600000|100%| O|  |TAMS 0x00000000a0600000, 0x00000000a0500000| Untracked 
|   6|0x00000000a0600000, 0x00000000a0700000, 0x00000000a0700000|100%| O|  |TAMS 0x00000000a0700000, 0x00000000a0600000| Untracked 
|   7|0x00000000a0700000, 0x00000000a0800000, 0x00000000a0800000|100%| O|  |TAMS 0x00000000a0800000, 0x00000000a0700000| Untracked 
|   8|0x00000000a0800000, 0x00000000a0900000, 0x00000000a0900000|100%| O|  |TAMS 0x00000000a0900000, 0x00000000a0800000| Untracked 
|   9|0x00000000a0900000, 0x00000000a0a00000, 0x00000000a0a00000|100%| O|  |TAMS 0x00000000a0a00000, 0x00000000a0900000| Untracked 
|  10|0x00000000a0a00000, 0x00000000a0b00000, 0x00000000a0b00000|100%| O|  |TAMS 0x00000000a0b00000, 0x00000000a0a00000| Untracked 
|  11|0x00000000a0b00000, 0x00000000a0c00000, 0x00000000a0c00000|100%| O|  |TAMS 0x00000000a0c00000, 0x00000000a0b00000| Untracked 
|  12|0x00000000a0c00000, 0x00000000a0d00000, 0x00000000a0d00000|100%| O|  |TAMS 0x00000000a0d00000, 0x00000000a0c00000| Untracked 
|  13|0x00000000a0d00000, 0x00000000a0e00000, 0x00000000a0e00000|100%| O|  |TAMS 0x00000000a0e00000, 0x00000000a0d00000| Untracked 
|  14|0x00000000a0e00000, 0x00000000a0f00000, 0x00000000a0f00000|100%| O|  |TAMS 0x00000000a0f00000, 0x00000000a0e00000| Untracked 
|  15|0x00000000a0f00000, 0x00000000a1000000, 0x00000000a1000000|100%| O|  |TAMS 0x00000000a1000000, 0x00000000a0f00000| Untracked 
|  16|0x00000000a1000000, 0x00000000a1100000, 0x00000000a1100000|100%| O|  |TAMS 0x00000000a1100000, 0x00000000a1000000| Untracked 
|  17|0x00000000a1100000, 0x00000000a1200000, 0x00000000a1200000|100%| O|  |TAMS 0x00000000a1200000, 0x00000000a1100000| Untracked 
|  18|0x00000000a1200000, 0x00000000a1300000, 0x00000000a1300000|100%| O|  |TAMS 0x00000000a1300000, 0x00000000a1200000| Untracked 
|  19|0x00000000a1300000, 0x00000000a1400000, 0x00000000a1400000|100%| O|  |TAMS 0x00000000a1400000, 0x00000000a1300000| Untracked 
|  20|0x00000000a1400000, 0x00000000a1500000, 0x00000000a1500000|100%| O|  |TAMS 0x00000000a1500000, 0x00000000a1400000| Untracked 
|  21|0x00000000a1500000, 0x00000000a1600000, 0x00000000a1600000|100%| O|  |TAMS 0x00000000a1600000, 0x00000000a1500000| Untracked 
|  22|0x00000000a1600000, 0x00000000a1700000, 0x00000000a1700000|100%| O|  |TAMS 0x00000000a1700000, 0x00000000a1600000| Untracked 
|  23|0x00000000a1700000, 0x00000000a1800000, 0x00000000a1800000|100%| O|  |TAMS 0x00000000a1800000, 0x00000000a1700000| Untracked 
|  24|0x00000000a1800000, 0x00000000a1900000, 0x00000000a1900000|100%| O|  |TAMS 0x00000000a1900000, 0x00000000a1800000| Untracked 
|  25|0x00000000a1900000, 0x00000000a1a00000, 0x00000000a1a00000|100%| O|  |TAMS 0x00000000a1a00000, 0x00000000a1900000| Untracked 
|  26|0x00000000a1a00000, 0x00000000a1b00000, 0x00000000a1b00000|100%| O|  |TAMS 0x00000000a1b00000, 0x00000000a1a00000| Untracked 
|  27|0x00000000a1b00000, 0x00000000a1c00000, 0x00000000a1c00000|100%| O|  |TAMS 0x00000000a1c00000, 0x00000000a1b00000| Untracked 
|  28|0x00000000a1c00000, 0x00000000a1d00000, 0x00000000a1d00000|100%| O|  |TAMS 0x00000000a1d00000, 0x00000000a1c00000| Untracked 
|  29|0x00000000a1d00000, 0x00000000a1e00000, 0x00000000a1e00000|100%| O|  |TAMS 0x00000000a1e00000, 0x00000000a1d00000| Untracked 
|  30|0x00000000a1e00000, 0x00000000a1f00000, 0x00000000a1f00000|100%| O|  |TAMS 0x00000000a1f00000, 0x00000000a1e00000| Untracked 
|  31|0x00000000a1f00000, 0x00000000a2000000, 0x00000000a2000000|100%|HS|  |TAMS 0x00000000a2000000, 0x00000000a1f00000| Complete 
|  32|0x00000000a2000000, 0x00000000a2100000, 0x00000000a2100000|100%|HS|  |TAMS 0x00000000a2100000, 0x00000000a2000000| Complete 
|  33|0x00000000a2100000, 0x00000000a2200000, 0x00000000a2200000|100%|HC|  |TAMS 0x00000000a2200000, 0x00000000a2100000| Complete 
|  34|0x00000000a2200000, 0x00000000a2300000, 0x00000000a2300000|100%|HS|  |TAMS 0x00000000a2300000, 0x00000000a2200000| Complete 
|  35|0x00000000a2300000, 0x00000000a2400000, 0x00000000a2400000|100%|HS|  |TAMS 0x00000000a2400000, 0x00000000a2300000| Complete 
|  36|0x00000000a2400000, 0x00000000a2500000, 0x00000000a2500000|100%| O|  |TAMS 0x00000000a2500000, 0x00000000a2400000| Untracked 
|  37|0x00000000a2500000, 0x00000000a2600000, 0x00000000a2600000|100%| O|  |TAMS 0x00000000a2600000, 0x00000000a2500000| Untracked 
|  38|0x00000000a2600000, 0x00000000a2700000, 0x00000000a2700000|100%| O|  |TAMS 0x00000000a2700000, 0x00000000a2600000| Untracked 
|  39|0x00000000a2700000, 0x00000000a2800000, 0x00000000a2800000|100%| O|  |TAMS 0x00000000a2800000, 0x00000000a2700000| Untracked 
|  40|0x00000000a2800000, 0x00000000a2900000, 0x00000000a2900000|100%| O|  |TAMS 0x00000000a2900000, 0x00000000a2800000| Untracked 
|  41|0x00000000a2900000, 0x00000000a2a00000, 0x00000000a2a00000|100%| O|  |TAMS 0x00000000a2a00000, 0x00000000a2900000| Untracked 
|  42|0x00000000a2a00000, 0x00000000a2b00000, 0x00000000a2b00000|100%| O|  |TAMS 0x00000000a2b00000, 0x00000000a2a00000| Untracked 
|  43|0x00000000a2b00000, 0x00000000a2c00000, 0x00000000a2c00000|100%| O|  |TAMS 0x00000000a2c00000, 0x00000000a2b00000| Untracked 
|  44|0x00000000a2c00000, 0x00000000a2d00000, 0x00000000a2d00000|100%| O|  |TAMS 0x00000000a2d00000, 0x00000000a2c00000| Untracked 
|  45|0x00000000a2d00000, 0x00000000a2e00000, 0x00000000a2e00000|100%| O|  |TAMS 0x00000000a2e00000, 0x00000000a2d00000| Untracked 
|  46|0x00000000a2e00000, 0x00000000a2f00000, 0x00000000a2f00000|100%| O|  |TAMS 0x00000000a2f00000, 0x00000000a2e00000| Untracked 
|  47|0x00000000a2f00000, 0x00000000a3000000, 0x00000000a3000000|100%| O|  |TAMS 0x00000000a3000000, 0x00000000a2f00000| Untracked 
|  48|0x00000000a3000000, 0x00000000a3100000, 0x00000000a3100000|100%| O|  |TAMS 0x00000000a3100000, 0x00000000a3000000| Untracked 
|  49|0x00000000a3100000, 0x00000000a3200000, 0x00000000a3200000|100%|HS|  |TAMS 0x00000000a3200000, 0x00000000a3100000| Complete 
|  50|0x00000000a3200000, 0x00000000a3300000, 0x00000000a3300000|100%|HC|  |TAMS 0x00000000a3300000, 0x00000000a3200000| Complete 
|  51|0x00000000a3300000, 0x00000000a3400000, 0x00000000a3400000|100%|HC|  |TAMS 0x00000000a3400000, 0x00000000a3300000| Complete 
|  52|0x00000000a3400000, 0x00000000a3500000, 0x00000000a3500000|100%|HC|  |TAMS 0x00000000a3500000, 0x00000000a3400000| Complete 
|  53|0x00000000a3500000, 0x00000000a3600000, 0x00000000a3600000|100%| O|  |TAMS 0x00000000a3600000, 0x00000000a3500000| Untracked 
|  54|0x00000000a3600000, 0x00000000a3700000, 0x00000000a3700000|100%| O|  |TAMS 0x00000000a3700000, 0x00000000a3600000| Untracked 
|  55|0x00000000a3700000, 0x00000000a3800000, 0x00000000a3800000|100%| O|  |TAMS 0x00000000a3800000, 0x00000000a3700000| Untracked 
|  56|0x00000000a3800000, 0x00000000a3900000, 0x00000000a3900000|100%| O|  |TAMS 0x00000000a3900000, 0x00000000a3800000| Untracked 
|  57|0x00000000a3900000, 0x00000000a3a00000, 0x00000000a3a00000|100%| O|  |TAMS 0x00000000a3a00000, 0x00000000a3900000| Untracked 
|  58|0x00000000a3a00000, 0x00000000a3b00000, 0x00000000a3b00000|100%| O|  |TAMS 0x00000000a3b00000, 0x00000000a3a00000| Untracked 
|  59|0x00000000a3b00000, 0x00000000a3c00000, 0x00000000a3c00000|100%| O|  |TAMS 0x00000000a3c00000, 0x00000000a3b00000| Untracked 
|  60|0x00000000a3c00000, 0x00000000a3d00000, 0x00000000a3d00000|100%| O|  |TAMS 0x00000000a3d00000, 0x00000000a3c00000| Untracked 
|  61|0x00000000a3d00000, 0x00000000a3e00000, 0x00000000a3e00000|100%| O|  |TAMS 0x00000000a3e00000, 0x00000000a3d00000| Untracked 
|  62|0x00000000a3e00000, 0x00000000a3f00000, 0x00000000a3f00000|100%| O|  |TAMS 0x00000000a3f00000, 0x00000000a3e00000| Untracked 
|  63|0x00000000a3f00000, 0x00000000a4000000, 0x00000000a4000000|100%| O|  |TAMS 0x00000000a4000000, 0x00000000a3f00000| Untracked 
|  64|0x00000000a4000000, 0x00000000a4100000, 0x00000000a4100000|100%| O|  |TAMS 0x00000000a4100000, 0x00000000a4000000| Untracked 
|  65|0x00000000a4100000, 0x00000000a4200000, 0x00000000a4200000|100%| O|  |TAMS 0x00000000a4200000, 0x00000000a4100000| Untracked 
|  66|0x00000000a4200000, 0x00000000a4300000, 0x00000000a4300000|100%| O|  |TAMS 0x00000000a4300000, 0x00000000a4200000| Untracked 
|  67|0x00000000a4300000, 0x00000000a4400000, 0x00000000a4400000|100%| O|  |TAMS 0x00000000a4400000, 0x00000000a4300000| Untracked 
|  68|0x00000000a4400000, 0x00000000a4500000, 0x00000000a4500000|100%| O|  |TAMS 0x00000000a4500000, 0x00000000a4400000| Untracked 
|  69|0x00000000a4500000, 0x00000000a4600000, 0x00000000a4600000|100%| O|  |TAMS 0x00000000a4600000, 0x00000000a4500000| Untracked 
|  70|0x00000000a4600000, 0x00000000a4700000, 0x00000000a4700000|100%| O|  |TAMS 0x00000000a4700000, 0x00000000a4600000| Untracked 
|  71|0x00000000a4700000, 0x00000000a4800000, 0x00000000a4800000|100%| O|  |TAMS 0x00000000a4800000, 0x00000000a4700000| Untracked 
|  72|0x00000000a4800000, 0x00000000a4900000, 0x00000000a4900000|100%| O|  |TAMS 0x00000000a4900000, 0x00000000a4800000| Untracked 
|  73|0x00000000a4900000, 0x00000000a4a00000, 0x00000000a4a00000|100%| O|  |TAMS 0x00000000a4a00000, 0x00000000a4900000| Untracked 
|  74|0x00000000a4a00000, 0x00000000a4b00000, 0x00000000a4b00000|100%| O|  |TAMS 0x00000000a4b00000, 0x00000000a4a00000| Untracked 
|  75|0x00000000a4b00000, 0x00000000a4c00000, 0x00000000a4c00000|100%| O|  |TAMS 0x00000000a4c00000, 0x00000000a4b00000| Untracked 
|  76|0x00000000a4c00000, 0x00000000a4d00000, 0x00000000a4d00000|100%| O|  |TAMS 0x00000000a4d00000, 0x00000000a4c00000| Untracked 
|  77|0x00000000a4d00000, 0x00000000a4e00000, 0x00000000a4e00000|100%| O|  |TAMS 0x00000000a4e00000, 0x00000000a4d00000| Untracked 
|  78|0x00000000a4e00000, 0x00000000a4f00000, 0x00000000a4f00000|100%| O|  |TAMS 0x00000000a4f00000, 0x00000000a4e00000| Untracked 
|  79|0x00000000a4f00000, 0x00000000a5000000, 0x00000000a5000000|100%| O|  |TAMS 0x00000000a5000000, 0x00000000a4f00000| Untracked 
|  80|0x00000000a5000000, 0x00000000a5100000, 0x00000000a5100000|100%| O|  |TAMS 0x00000000a5100000, 0x00000000a5000000| Untracked 
|  81|0x00000000a5100000, 0x00000000a5200000, 0x00000000a5200000|100%| O|  |TAMS 0x00000000a5200000, 0x00000000a5100000| Untracked 
|  82|0x00000000a5200000, 0x00000000a5300000, 0x00000000a5300000|100%| O|  |TAMS 0x00000000a5300000, 0x00000000a5200000| Untracked 
|  83|0x00000000a5300000, 0x00000000a5400000, 0x00000000a5400000|100%| O|  |TAMS 0x00000000a5400000, 0x00000000a5300000| Untracked 
|  84|0x00000000a5400000, 0x00000000a5500000, 0x00000000a5500000|100%| O|  |TAMS 0x00000000a5500000, 0x00000000a5400000| Untracked 
|  85|0x00000000a5500000, 0x00000000a5600000, 0x00000000a5600000|100%| O|  |TAMS 0x00000000a5600000, 0x00000000a5500000| Untracked 
|  86|0x00000000a5600000, 0x00000000a5700000, 0x00000000a5700000|100%| O|  |TAMS 0x00000000a5700000, 0x00000000a5600000| Untracked 
|  87|0x00000000a5700000, 0x00000000a5800000, 0x00000000a5800000|100%| O|  |TAMS 0x00000000a5800000, 0x00000000a5700000| Untracked 
|  88|0x00000000a5800000, 0x00000000a5900000, 0x00000000a5900000|100%| O|  |TAMS 0x00000000a5900000, 0x00000000a5800000| Untracked 
|  89|0x00000000a5900000, 0x00000000a5a00000, 0x00000000a5a00000|100%| O|  |TAMS 0x00000000a5a00000, 0x00000000a5900000| Untracked 
|  90|0x00000000a5a00000, 0x00000000a5b00000, 0x00000000a5b00000|100%| O|  |TAMS 0x00000000a5b00000, 0x00000000a5a00000| Untracked 
|  91|0x00000000a5b00000, 0x00000000a5c00000, 0x00000000a5c00000|100%| O|  |TAMS 0x00000000a5c00000, 0x00000000a5b00000| Untracked 
|  92|0x00000000a5c00000, 0x00000000a5d00000, 0x00000000a5d00000|100%| O|  |TAMS 0x00000000a5d00000, 0x00000000a5c00000| Untracked 
|  93|0x00000000a5d00000, 0x00000000a5e00000, 0x00000000a5e00000|100%| O|  |TAMS 0x00000000a5e00000, 0x00000000a5d00000| Untracked 
|  94|0x00000000a5e00000, 0x00000000a5f00000, 0x00000000a5f00000|100%| O|  |TAMS 0x00000000a5f00000, 0x00000000a5e00000| Untracked 
|  95|0x00000000a5f00000, 0x00000000a6000000, 0x00000000a6000000|100%| O|  |TAMS 0x00000000a6000000, 0x00000000a5f00000| Untracked 
|  96|0x00000000a6000000, 0x00000000a6100000, 0x00000000a6100000|100%| O|  |TAMS 0x00000000a6100000, 0x00000000a6000000| Untracked 
|  97|0x00000000a6100000, 0x00000000a6200000, 0x00000000a6200000|100%| O|  |TAMS 0x00000000a6200000, 0x00000000a6100000| Untracked 
|  98|0x00000000a6200000, 0x00000000a6300000, 0x00000000a6300000|100%| O|  |TAMS 0x00000000a6300000, 0x00000000a6200000| Untracked 
|  99|0x00000000a6300000, 0x00000000a6400000, 0x00000000a6400000|100%| O|  |TAMS 0x00000000a6400000, 0x00000000a6300000| Untracked 
| 100|0x00000000a6400000, 0x00000000a6500000, 0x00000000a6500000|100%| O|  |TAMS 0x00000000a6500000, 0x00000000a6400000| Untracked 
| 101|0x00000000a6500000, 0x00000000a6600000, 0x00000000a6600000|100%| O|  |TAMS 0x00000000a6600000, 0x00000000a6500000| Untracked 
| 102|0x00000000a6600000, 0x00000000a6700000, 0x00000000a6700000|100%| O|  |TAMS 0x00000000a6700000, 0x00000000a6600000| Untracked 
| 103|0x00000000a6700000, 0x00000000a6800000, 0x00000000a6800000|100%| O|  |TAMS 0x00000000a6800000, 0x00000000a6700000| Untracked 
| 104|0x00000000a6800000, 0x00000000a6900000, 0x00000000a6900000|100%| O|  |TAMS 0x00000000a6900000, 0x00000000a6800000| Untracked 
| 105|0x00000000a6900000, 0x00000000a6a00000, 0x00000000a6a00000|100%| O|  |TAMS 0x00000000a6a00000, 0x00000000a6900000| Untracked 
| 106|0x00000000a6a00000, 0x00000000a6b00000, 0x00000000a6b00000|100%| O|  |TAMS 0x00000000a6b00000, 0x00000000a6a00000| Untracked 
| 107|0x00000000a6b00000, 0x00000000a6c00000, 0x00000000a6c00000|100%| O|  |TAMS 0x00000000a6c00000, 0x00000000a6b00000| Untracked 
| 108|0x00000000a6c00000, 0x00000000a6d00000, 0x00000000a6d00000|100%| O|  |TAMS 0x00000000a6d00000, 0x00000000a6c00000| Untracked 
| 109|0x00000000a6d00000, 0x00000000a6e00000, 0x00000000a6e00000|100%| O|  |TAMS 0x00000000a6e00000, 0x00000000a6d00000| Untracked 
| 110|0x00000000a6e00000, 0x00000000a6f00000, 0x00000000a6f00000|100%| O|  |TAMS 0x00000000a6f00000, 0x00000000a6e00000| Untracked 
| 111|0x00000000a6f00000, 0x00000000a7000000, 0x00000000a7000000|100%| O|  |TAMS 0x00000000a7000000, 0x00000000a6f00000| Untracked 
| 112|0x00000000a7000000, 0x00000000a7100000, 0x00000000a7100000|100%| O|  |TAMS 0x00000000a7000000, 0x00000000a7000000| Untracked 
| 113|0x00000000a7100000, 0x00000000a7200000, 0x00000000a7200000|100%| O|  |TAMS 0x00000000a7200000, 0x00000000a7100000| Untracked 
| 114|0x00000000a7200000, 0x00000000a7300000, 0x00000000a7300000|100%| O|  |TAMS 0x00000000a7300000, 0x00000000a7200000| Untracked 
| 115|0x00000000a7300000, 0x00000000a7400000, 0x00000000a7400000|100%| O|  |TAMS 0x00000000a7400000, 0x00000000a7300000| Untracked 
| 116|0x00000000a7400000, 0x00000000a7500000, 0x00000000a7500000|100%| O|  |TAMS 0x00000000a7500000, 0x00000000a7400000| Untracked 
| 117|0x00000000a7500000, 0x00000000a7600000, 0x00000000a7600000|100%| O|  |TAMS 0x00000000a7600000, 0x00000000a7500000| Untracked 
| 118|0x00000000a7600000, 0x00000000a7700000, 0x00000000a7700000|100%| O|  |TAMS 0x00000000a7700000, 0x00000000a7600000| Untracked 
| 119|0x00000000a7700000, 0x00000000a7800000, 0x00000000a7800000|100%| O|  |TAMS 0x00000000a7800000, 0x00000000a7700000| Untracked 
| 120|0x00000000a7800000, 0x00000000a7900000, 0x00000000a7900000|100%| O|  |TAMS 0x00000000a7900000, 0x00000000a7800000| Untracked 
| 121|0x00000000a7900000, 0x00000000a7a00000, 0x00000000a7a00000|100%| O|  |TAMS 0x00000000a7a00000, 0x00000000a7900000| Untracked 
| 122|0x00000000a7a00000, 0x00000000a7b00000, 0x00000000a7b00000|100%| O|  |TAMS 0x00000000a7b00000, 0x00000000a7a00000| Untracked 
| 123|0x00000000a7b00000, 0x00000000a7c00000, 0x00000000a7c00000|100%| O|  |TAMS 0x00000000a7c00000, 0x00000000a7b00000| Untracked 
| 124|0x00000000a7c00000, 0x00000000a7d00000, 0x00000000a7d00000|100%| O|  |TAMS 0x00000000a7d00000, 0x00000000a7c00000| Untracked 
| 125|0x00000000a7d00000, 0x00000000a7e00000, 0x00000000a7e00000|100%| O|  |TAMS 0x00000000a7e00000, 0x00000000a7d00000| Untracked 
| 126|0x00000000a7e00000, 0x00000000a7f00000, 0x00000000a7f00000|100%| O|  |TAMS 0x00000000a7f00000, 0x00000000a7e00000| Untracked 
| 127|0x00000000a7f00000, 0x00000000a8000000, 0x00000000a8000000|100%| O|  |TAMS 0x00000000a7f00000, 0x00000000a7f00000| Untracked 
| 128|0x00000000a8000000, 0x00000000a8100000, 0x00000000a8100000|100%| O|  |TAMS 0x00000000a8100000, 0x00000000a8000000| Untracked 
| 129|0x00000000a8100000, 0x00000000a8200000, 0x00000000a8200000|100%| O|  |TAMS 0x00000000a8200000, 0x00000000a8100000| Untracked 
| 130|0x00000000a8200000, 0x00000000a8300000, 0x00000000a8300000|100%| O|  |TAMS 0x00000000a8300000, 0x00000000a8200000| Untracked 
| 131|0x00000000a8300000, 0x00000000a8400000, 0x00000000a8400000|100%| O|  |TAMS 0x00000000a8300000, 0x00000000a8300000| Untracked 
| 132|0x00000000a8400000, 0x00000000a8500000, 0x00000000a8500000|100%| O|  |TAMS 0x00000000a8500000, 0x00000000a8400000| Untracked 
| 133|0x00000000a8500000, 0x00000000a8600000, 0x00000000a8600000|100%| O|  |TAMS 0x00000000a8600000, 0x00000000a8500000| Untracked 
| 134|0x00000000a8600000, 0x00000000a8700000, 0x00000000a8700000|100%| O|  |TAMS 0x00000000a8700000, 0x00000000a8600000| Untracked 
| 135|0x00000000a8700000, 0x00000000a8800000, 0x00000000a8800000|100%| O|  |TAMS 0x00000000a8800000, 0x00000000a8700000| Untracked 
| 136|0x00000000a8800000, 0x00000000a8900000, 0x00000000a8900000|100%| O|  |TAMS 0x00000000a8900000, 0x00000000a8800000| Untracked 
| 137|0x00000000a8900000, 0x00000000a8a00000, 0x00000000a8a00000|100%| O|  |TAMS 0x00000000a8a00000, 0x00000000a8900000| Untracked 
| 138|0x00000000a8a00000, 0x00000000a8b00000, 0x00000000a8b00000|100%| O|  |TAMS 0x00000000a8b00000, 0x00000000a8a00000| Untracked 
| 139|0x00000000a8b00000, 0x00000000a8c00000, 0x00000000a8c00000|100%| O|  |TAMS 0x00000000a8c00000, 0x00000000a8b00000| Untracked 
| 140|0x00000000a8c00000, 0x00000000a8d00000, 0x00000000a8d00000|100%| O|  |TAMS 0x00000000a8d00000, 0x00000000a8c00000| Untracked 
| 141|0x00000000a8d00000, 0x00000000a8e00000, 0x00000000a8e00000|100%| O|  |TAMS 0x00000000a8e00000, 0x00000000a8d00000| Untracked 
| 142|0x00000000a8e00000, 0x00000000a8f00000, 0x00000000a8f00000|100%| O|  |TAMS 0x00000000a8f00000, 0x00000000a8e00000| Untracked 
| 143|0x00000000a8f00000, 0x00000000a9000000, 0x00000000a9000000|100%| O|  |TAMS 0x00000000a9000000, 0x00000000a8f00000| Untracked 
| 144|0x00000000a9000000, 0x00000000a9100000, 0x00000000a9100000|100%| O|  |TAMS 0x00000000a9100000, 0x00000000a9000000| Untracked 
| 145|0x00000000a9100000, 0x00000000a9200000, 0x00000000a9200000|100%| O|  |TAMS 0x00000000a9200000, 0x00000000a9100000| Untracked 
| 146|0x00000000a9200000, 0x00000000a9300000, 0x00000000a9300000|100%| O|  |TAMS 0x00000000a9300000, 0x00000000a9200000| Untracked 
| 147|0x00000000a9300000, 0x00000000a9400000, 0x00000000a9400000|100%| O|  |TAMS 0x00000000a9400000, 0x00000000a9300000| Untracked 
| 148|0x00000000a9400000, 0x00000000a9500000, 0x00000000a9500000|100%| O|  |TAMS 0x00000000a9500000, 0x00000000a9400000| Untracked 
| 149|0x00000000a9500000, 0x00000000a9600000, 0x00000000a9600000|100%| O|  |TAMS 0x00000000a9600000, 0x00000000a9500000| Untracked 
| 150|0x00000000a9600000, 0x00000000a9700000, 0x00000000a9700000|100%| O|  |TAMS 0x00000000a9700000, 0x00000000a9600000| Untracked 
| 151|0x00000000a9700000, 0x00000000a9800000, 0x00000000a9800000|100%| O|  |TAMS 0x00000000a9800000, 0x00000000a9700000| Untracked 
| 152|0x00000000a9800000, 0x00000000a9900000, 0x00000000a9900000|100%| O|  |TAMS 0x00000000a9900000, 0x00000000a9800000| Untracked 
| 153|0x00000000a9900000, 0x00000000a9a00000, 0x00000000a9a00000|100%| O|  |TAMS 0x00000000a9a00000, 0x00000000a9900000| Untracked 
| 154|0x00000000a9a00000, 0x00000000a9b00000, 0x00000000a9b00000|100%| O|  |TAMS 0x00000000a9b00000, 0x00000000a9a00000| Untracked 
| 155|0x00000000a9b00000, 0x00000000a9c00000, 0x00000000a9c00000|100%| O|  |TAMS 0x00000000a9c00000, 0x00000000a9b00000| Untracked 
| 156|0x00000000a9c00000, 0x00000000a9d00000, 0x00000000a9d00000|100%| O|  |TAMS 0x00000000a9d00000, 0x00000000a9c00000| Untracked 
| 157|0x00000000a9d00000, 0x00000000a9e00000, 0x00000000a9e00000|100%| O|  |TAMS 0x00000000a9e00000, 0x00000000a9d00000| Untracked 
| 158|0x00000000a9e00000, 0x00000000a9f00000, 0x00000000a9f00000|100%| O|  |TAMS 0x00000000a9f00000, 0x00000000a9e00000| Untracked 
| 159|0x00000000a9f00000, 0x00000000aa000000, 0x00000000aa000000|100%| O|  |TAMS 0x00000000aa000000, 0x00000000a9f00000| Untracked 
| 160|0x00000000aa000000, 0x00000000aa100000, 0x00000000aa100000|100%| O|  |TAMS 0x00000000aa100000, 0x00000000aa000000| Untracked 
| 161|0x00000000aa100000, 0x00000000aa200000, 0x00000000aa200000|100%| O|  |TAMS 0x00000000aa200000, 0x00000000aa100000| Untracked 
| 162|0x00000000aa200000, 0x00000000aa300000, 0x00000000aa300000|100%| O|  |TAMS 0x00000000aa300000, 0x00000000aa200000| Untracked 
| 163|0x00000000aa300000, 0x00000000aa400000, 0x00000000aa400000|100%| O|  |TAMS 0x00000000aa400000, 0x00000000aa300000| Untracked 
| 164|0x00000000aa400000, 0x00000000aa500000, 0x00000000aa500000|100%| O|  |TAMS 0x00000000aa500000, 0x00000000aa400000| Untracked 
| 165|0x00000000aa500000, 0x00000000aa600000, 0x00000000aa600000|100%| O|  |TAMS 0x00000000aa600000, 0x00000000aa500000| Untracked 
| 166|0x00000000aa600000, 0x00000000aa700000, 0x00000000aa700000|100%| O|  |TAMS 0x00000000aa700000, 0x00000000aa600000| Untracked 
| 167|0x00000000aa700000, 0x00000000aa800000, 0x00000000aa800000|100%| O|  |TAMS 0x00000000aa700000, 0x00000000aa700000| Untracked 
| 168|0x00000000aa800000, 0x00000000aa900000, 0x00000000aa900000|100%| O|  |TAMS 0x00000000aa900000, 0x00000000aa800000| Untracked 
| 169|0x00000000aa900000, 0x00000000aaa00000, 0x00000000aaa00000|100%|HS|  |TAMS 0x00000000aaa00000, 0x00000000aa900000| Complete 
| 170|0x00000000aaa00000, 0x00000000aab00000, 0x00000000aab00000|100%|HC|  |TAMS 0x00000000aab00000, 0x00000000aaa00000| Complete 
| 171|0x00000000aab00000, 0x00000000aac00000, 0x00000000aac00000|100%|HS|  |TAMS 0x00000000aac00000, 0x00000000aab00000| Complete 
| 172|0x00000000aac00000, 0x00000000aad00000, 0x00000000aad00000|100%|HS|  |TAMS 0x00000000aad00000, 0x00000000aac00000| Complete 
| 173|0x00000000aad00000, 0x00000000aae00000, 0x00000000aae00000|100%|HS|  |TAMS 0x00000000aae00000, 0x00000000aad00000| Complete 
| 174|0x00000000aae00000, 0x00000000aaf00000, 0x00000000aaf00000|100%|HS|  |TAMS 0x00000000aaf00000, 0x00000000aae00000| Complete 
| 175|0x00000000aaf00000, 0x00000000ab000000, 0x00000000ab000000|100%|HC|  |TAMS 0x00000000ab000000, 0x00000000aaf00000| Complete 
| 176|0x00000000ab000000, 0x00000000ab100000, 0x00000000ab100000|100%|HS|  |TAMS 0x00000000ab100000, 0x00000000ab000000| Complete 
| 177|0x00000000ab100000, 0x00000000ab200000, 0x00000000ab200000|100%|HC|  |TAMS 0x00000000ab200000, 0x00000000ab100000| Complete 
| 178|0x00000000ab200000, 0x00000000ab300000, 0x00000000ab300000|100%| O|  |TAMS 0x00000000ab300000, 0x00000000ab200000| Untracked 
| 179|0x00000000ab300000, 0x00000000ab400000, 0x00000000ab400000|100%| O|  |TAMS 0x00000000ab300000, 0x00000000ab300000| Untracked 
| 180|0x00000000ab400000, 0x00000000ab500000, 0x00000000ab500000|100%| O|  |TAMS 0x00000000ab500000, 0x00000000ab400000| Untracked 
| 181|0x00000000ab500000, 0x00000000ab600000, 0x00000000ab600000|100%| O|  |TAMS 0x00000000ab600000, 0x00000000ab500000| Untracked 
| 182|0x00000000ab600000, 0x00000000ab700000, 0x00000000ab700000|100%| O|  |TAMS 0x00000000ab700000, 0x00000000ab600000| Untracked 
| 183|0x00000000ab700000, 0x00000000ab800000, 0x00000000ab800000|100%| O|  |TAMS 0x00000000ab800000, 0x00000000ab700000| Untracked 
| 184|0x00000000ab800000, 0x00000000ab900000, 0x00000000ab900000|100%| O|  |TAMS 0x00000000ab900000, 0x00000000ab800000| Untracked 
| 185|0x00000000ab900000, 0x00000000aba00000, 0x00000000aba00000|100%| O|  |TAMS 0x00000000aba00000, 0x00000000ab900000| Untracked 
| 186|0x00000000aba00000, 0x00000000abb00000, 0x00000000abb00000|100%|HS|  |TAMS 0x00000000abb00000, 0x00000000aba00000| Complete 
| 187|0x00000000abb00000, 0x00000000abc00000, 0x00000000abc00000|100%|HS|  |TAMS 0x00000000abc00000, 0x00000000abb00000| Complete 
| 188|0x00000000abc00000, 0x00000000abd00000, 0x00000000abd00000|100%|HC|  |TAMS 0x00000000abd00000, 0x00000000abc00000| Complete 
| 189|0x00000000abd00000, 0x00000000abe00000, 0x00000000abe00000|100%|HS|  |TAMS 0x00000000abe00000, 0x00000000abd00000| Complete 
| 190|0x00000000abe00000, 0x00000000abf00000, 0x00000000abf00000|100%|HS|  |TAMS 0x00000000abf00000, 0x00000000abe00000| Complete 
| 191|0x00000000abf00000, 0x00000000ac000000, 0x00000000ac000000|100%|HC|  |TAMS 0x00000000ac000000, 0x00000000abf00000| Complete 
| 192|0x00000000ac000000, 0x00000000ac100000, 0x00000000ac100000|100%|HS|  |TAMS 0x00000000ac100000, 0x00000000ac000000| Complete 
| 193|0x00000000ac100000, 0x00000000ac200000, 0x00000000ac200000|100%|HC|  |TAMS 0x00000000ac200000, 0x00000000ac100000| Complete 
| 194|0x00000000ac200000, 0x00000000ac300000, 0x00000000ac300000|100%|HS|  |TAMS 0x00000000ac300000, 0x00000000ac200000| Complete 
| 195|0x00000000ac300000, 0x00000000ac400000, 0x00000000ac400000|100%|HS|  |TAMS 0x00000000ac400000, 0x00000000ac300000| Complete 
| 196|0x00000000ac400000, 0x00000000ac500000, 0x00000000ac500000|100%|HS|  |TAMS 0x00000000ac500000, 0x00000000ac400000| Complete 
| 197|0x00000000ac500000, 0x00000000ac600000, 0x00000000ac600000|100%|HC|  |TAMS 0x00000000ac600000, 0x00000000ac500000| Complete 
| 198|0x00000000ac600000, 0x00000000ac700000, 0x00000000ac700000|100%| O|  |TAMS 0x00000000ac600000, 0x00000000ac600000| Untracked 
| 199|0x00000000ac700000, 0x00000000ac800000, 0x00000000ac800000|100%| O|  |TAMS 0x00000000ac800000, 0x00000000ac700000| Untracked 
| 200|0x00000000ac800000, 0x00000000ac900000, 0x00000000ac900000|100%| O|  |TAMS 0x00000000ac900000, 0x00000000ac800000| Untracked 
| 201|0x00000000ac900000, 0x00000000aca00000, 0x00000000aca00000|100%| O|  |TAMS 0x00000000aca00000, 0x00000000ac900000| Untracked 
| 202|0x00000000aca00000, 0x00000000acb00000, 0x00000000acb00000|100%| O|  |TAMS 0x00000000aca00000, 0x00000000aca00000| Untracked 
| 203|0x00000000acb00000, 0x00000000acc00000, 0x00000000acc00000|100%| O|  |TAMS 0x00000000acb00000, 0x00000000acb00000| Untracked 
| 204|0x00000000acc00000, 0x00000000acd00000, 0x00000000acd00000|100%| O|  |TAMS 0x00000000acc00000, 0x00000000acc00000| Untracked 
| 205|0x00000000acd00000, 0x00000000ace00000, 0x00000000ace00000|100%| O|  |TAMS 0x00000000ace00000, 0x00000000acd00000| Untracked 
| 206|0x00000000ace00000, 0x00000000acf00000, 0x00000000acf00000|100%|HS|  |TAMS 0x00000000acf00000, 0x00000000ace00000| Complete 
| 207|0x00000000acf00000, 0x00000000ad000000, 0x00000000ad000000|100%|HC|  |TAMS 0x00000000ad000000, 0x00000000acf00000| Complete 
| 208|0x00000000ad000000, 0x00000000ad100000, 0x00000000ad100000|100%|HC|  |TAMS 0x00000000ad100000, 0x00000000ad000000| Complete 
| 209|0x00000000ad100000, 0x00000000ad200000, 0x00000000ad200000|100%|HS|  |TAMS 0x00000000ad200000, 0x00000000ad100000| Complete 
| 210|0x00000000ad200000, 0x00000000ad300000, 0x00000000ad300000|100%|HS|  |TAMS 0x00000000ad300000, 0x00000000ad200000| Complete 
| 211|0x00000000ad300000, 0x00000000ad400000, 0x00000000ad400000|100%|HS|  |TAMS 0x00000000ad400000, 0x00000000ad300000| Complete 
| 212|0x00000000ad400000, 0x00000000ad500000, 0x00000000ad500000|100%|HS|  |TAMS 0x00000000ad500000, 0x00000000ad400000| Complete 
| 213|0x00000000ad500000, 0x00000000ad600000, 0x00000000ad600000|100%|HC|  |TAMS 0x00000000ad600000, 0x00000000ad500000| Complete 
| 214|0x00000000ad600000, 0x00000000ad700000, 0x00000000ad700000|100%|HC|  |TAMS 0x00000000ad700000, 0x00000000ad600000| Complete 
| 215|0x00000000ad700000, 0x00000000ad800000, 0x00000000ad800000|100%|HS|  |TAMS 0x00000000ad800000, 0x00000000ad700000| Complete 
| 216|0x00000000ad800000, 0x00000000ad900000, 0x00000000ad900000|100%| O|  |TAMS 0x00000000ad900000, 0x00000000ad800000| Untracked 
| 217|0x00000000ad900000, 0x00000000ada00000, 0x00000000ada00000|100%| O|  |TAMS 0x00000000ada00000, 0x00000000ad900000| Untracked 
| 218|0x00000000ada00000, 0x00000000adb00000, 0x00000000adb00000|100%| O|  |TAMS 0x00000000adb00000, 0x00000000ada00000| Untracked 
| 219|0x00000000adb00000, 0x00000000adc00000, 0x00000000adc00000|100%| O|  |TAMS 0x00000000adc00000, 0x00000000adb00000| Untracked 
| 220|0x00000000adc00000, 0x00000000add00000, 0x00000000add00000|100%| O|  |TAMS 0x00000000add00000, 0x00000000adc00000| Untracked 
| 221|0x00000000add00000, 0x00000000ade00000, 0x00000000ade00000|100%| O|  |TAMS 0x00000000ade00000, 0x00000000add00000| Untracked 
| 222|0x00000000ade00000, 0x00000000adf00000, 0x00000000adf00000|100%| O|  |TAMS 0x00000000adf00000, 0x00000000ade00000| Untracked 
| 223|0x00000000adf00000, 0x00000000ae000000, 0x00000000ae000000|100%| O|  |TAMS 0x00000000ae000000, 0x00000000adf00000| Untracked 
| 224|0x00000000ae000000, 0x00000000ae100000, 0x00000000ae100000|100%| O|  |TAMS 0x00000000ae000000, 0x00000000ae000000| Untracked 
| 225|0x00000000ae100000, 0x00000000ae200000, 0x00000000ae200000|100%| O|  |TAMS 0x00000000ae200000, 0x00000000ae100000| Untracked 
| 226|0x00000000ae200000, 0x00000000ae300000, 0x00000000ae300000|100%| O|  |TAMS 0x00000000ae200000, 0x00000000ae200000| Untracked 
| 227|0x00000000ae300000, 0x00000000ae400000, 0x00000000ae400000|100%| O|  |TAMS 0x00000000ae400000, 0x00000000ae300000| Untracked 
| 228|0x00000000ae400000, 0x00000000ae500000, 0x00000000ae500000|100%| O|  |TAMS 0x00000000ae400000, 0x00000000ae400000| Untracked 
| 229|0x00000000ae500000, 0x00000000ae600000, 0x00000000ae600000|100%| O|  |TAMS 0x00000000ae500000, 0x00000000ae500000| Untracked 
| 230|0x00000000ae600000, 0x00000000ae700000, 0x00000000ae700000|100%| O|  |TAMS 0x00000000ae600000, 0x00000000ae600000| Untracked 
| 231|0x00000000ae700000, 0x00000000ae800000, 0x00000000ae800000|100%| O|  |TAMS 0x00000000ae700000, 0x00000000ae700000| Untracked 
| 232|0x00000000ae800000, 0x00000000ae900000, 0x00000000ae900000|100%| O|  |TAMS 0x00000000ae800000, 0x00000000ae800000| Untracked 
| 233|0x00000000ae900000, 0x00000000aea00000, 0x00000000aea00000|100%| O|  |TAMS 0x00000000ae900000, 0x00000000ae900000| Untracked 
| 234|0x00000000aea00000, 0x00000000aeb00000, 0x00000000aeb00000|100%| O|  |TAMS 0x00000000aea00000, 0x00000000aea00000| Untracked 
| 235|0x00000000aeb00000, 0x00000000aec00000, 0x00000000aec00000|100%| O|  |TAMS 0x00000000aeb00000, 0x00000000aeb00000| Untracked 
| 236|0x00000000aec00000, 0x00000000aed00000, 0x00000000aed00000|100%| O|  |TAMS 0x00000000aec00000, 0x00000000aec00000| Untracked 
| 237|0x00000000aed00000, 0x00000000aee00000, 0x00000000aee00000|100%| O|  |TAMS 0x00000000aed00000, 0x00000000aed00000| Untracked 
| 238|0x00000000aee00000, 0x00000000aef00000, 0x00000000aef00000|100%| O|  |TAMS 0x00000000aee00000, 0x00000000aee00000| Untracked 
| 239|0x00000000aef00000, 0x00000000af000000, 0x00000000af000000|100%| O|  |TAMS 0x00000000aef00000, 0x00000000aef00000| Untracked 
| 240|0x00000000af000000, 0x00000000af100000, 0x00000000af100000|100%| O|  |TAMS 0x00000000af000000, 0x00000000af000000| Untracked 
| 241|0x00000000af100000, 0x00000000af200000, 0x00000000af200000|100%| O|  |TAMS 0x00000000af200000, 0x00000000af100000| Untracked 
| 242|0x00000000af200000, 0x00000000af300000, 0x00000000af300000|100%| O|  |TAMS 0x00000000af300000, 0x00000000af200000| Untracked 
| 243|0x00000000af300000, 0x00000000af400000, 0x00000000af400000|100%| O|  |TAMS 0x00000000af400000, 0x00000000af300000| Untracked 
| 244|0x00000000af400000, 0x00000000af500000, 0x00000000af500000|100%| O|  |TAMS 0x00000000af400000, 0x00000000af400000| Untracked 
| 245|0x00000000af500000, 0x00000000af600000, 0x00000000af600000|100%| O|  |TAMS 0x00000000af500000, 0x00000000af500000| Untracked 
| 246|0x00000000af600000, 0x00000000af700000, 0x00000000af700000|100%| O|  |TAMS 0x00000000af700000, 0x00000000af600000| Untracked 
| 247|0x00000000af700000, 0x00000000af800000, 0x00000000af800000|100%| O|  |TAMS 0x00000000af700000, 0x00000000af700000| Untracked 
| 248|0x00000000af800000, 0x00000000af900000, 0x00000000af900000|100%| O|  |TAMS 0x00000000af900000, 0x00000000af800000| Untracked 
| 249|0x00000000af900000, 0x00000000afa00000, 0x00000000afa00000|100%| O|  |TAMS 0x00000000af900000, 0x00000000af900000| Untracked 
| 250|0x00000000afa00000, 0x00000000afb00000, 0x00000000afb00000|100%| O|  |TAMS 0x00000000afa00000, 0x00000000afa00000| Untracked 
| 251|0x00000000afb00000, 0x00000000afc00000, 0x00000000afc00000|100%| O|  |TAMS 0x00000000afb00000, 0x00000000afb00000| Untracked 
| 252|0x00000000afc00000, 0x00000000afd00000, 0x00000000afd00000|100%| O|  |TAMS 0x00000000afc00000, 0x00000000afc00000| Untracked 
| 253|0x00000000afd00000, 0x00000000afe00000, 0x00000000afe00000|100%| O|  |TAMS 0x00000000afd00000, 0x00000000afd00000| Untracked 
| 254|0x00000000afe00000, 0x00000000aff00000, 0x00000000aff00000|100%| O|  |TAMS 0x00000000afe00000, 0x00000000afe00000| Untracked 
| 255|0x00000000aff00000, 0x00000000b0000000, 0x00000000b0000000|100%| O|  |TAMS 0x00000000aff00000, 0x00000000aff00000| Untracked 
| 256|0x00000000b0000000, 0x00000000b0100000, 0x00000000b0100000|100%| O|  |TAMS 0x00000000b0000000, 0x00000000b0000000| Untracked 
| 257|0x00000000b0100000, 0x00000000b0200000, 0x00000000b0200000|100%| O|  |TAMS 0x00000000b0100000, 0x00000000b0100000| Untracked 
| 258|0x00000000b0200000, 0x00000000b0300000, 0x00000000b0300000|100%| O|  |TAMS 0x00000000b0200000, 0x00000000b0200000| Untracked 
| 259|0x00000000b0300000, 0x00000000b0400000, 0x00000000b0400000|100%| O|  |TAMS 0x00000000b0300000, 0x00000000b0300000| Untracked 
| 260|0x00000000b0400000, 0x00000000b0500000, 0x00000000b0500000|100%| O|  |TAMS 0x00000000b0500000, 0x00000000b0400000| Untracked 
| 261|0x00000000b0500000, 0x00000000b0600000, 0x00000000b0600000|100%| O|  |TAMS 0x00000000b0600000, 0x00000000b0500000| Untracked 
| 262|0x00000000b0600000, 0x00000000b0700000, 0x00000000b0700000|100%|HS|  |TAMS 0x00000000b0700000, 0x00000000b0600000| Complete 
| 263|0x00000000b0700000, 0x00000000b0800000, 0x00000000b0800000|100%| O|  |TAMS 0x00000000b0700000, 0x00000000b0700000| Untracked 
| 264|0x00000000b0800000, 0x00000000b0900000, 0x00000000b0900000|100%| O|  |TAMS 0x00000000b0800000, 0x00000000b0800000| Untracked 
| 265|0x00000000b0900000, 0x00000000b0a00000, 0x00000000b0a00000|100%| O|  |TAMS 0x00000000b0a00000, 0x00000000b0900000| Untracked 
| 266|0x00000000b0a00000, 0x00000000b0b00000, 0x00000000b0b00000|100%| O|  |TAMS 0x00000000b0a00000, 0x00000000b0a00000| Untracked 
| 267|0x00000000b0b00000, 0x00000000b0c00000, 0x00000000b0c00000|100%| O|  |TAMS 0x00000000b0c00000, 0x00000000b0b00000| Untracked 
| 268|0x00000000b0c00000, 0x00000000b0d00000, 0x00000000b0d00000|100%| O|  |TAMS 0x00000000b0c00000, 0x00000000b0c00000| Untracked 
| 269|0x00000000b0d00000, 0x00000000b0e00000, 0x00000000b0e00000|100%| O|  |TAMS 0x00000000b0e00000, 0x00000000b0d00000| Untracked 
| 270|0x00000000b0e00000, 0x00000000b0f00000, 0x00000000b0f00000|100%| O|  |TAMS 0x00000000b0f00000, 0x00000000b0e00000| Untracked 
| 271|0x00000000b0f00000, 0x00000000b1000000, 0x00000000b1000000|100%| O|  |TAMS 0x00000000b1000000, 0x00000000b0f00000| Untracked 
| 272|0x00000000b1000000, 0x00000000b1100000, 0x00000000b1100000|100%| O|  |TAMS 0x00000000b1000000, 0x00000000b1000000| Untracked 
| 273|0x00000000b1100000, 0x00000000b1200000, 0x00000000b1200000|100%| O|  |TAMS 0x00000000b1100000, 0x00000000b1100000| Untracked 
| 274|0x00000000b1200000, 0x00000000b1300000, 0x00000000b1300000|100%| O|  |TAMS 0x00000000b1300000, 0x00000000b1200000| Untracked 
| 275|0x00000000b1300000, 0x00000000b1400000, 0x00000000b1400000|100%| O|  |TAMS 0x00000000b1400000, 0x00000000b1300000| Untracked 
| 276|0x00000000b1400000, 0x00000000b1500000, 0x00000000b1500000|100%| O|  |TAMS 0x00000000b1500000, 0x00000000b1400000| Untracked 
| 277|0x00000000b1500000, 0x00000000b1600000, 0x00000000b1600000|100%| O|  |TAMS 0x00000000b1600000, 0x00000000b1500000| Untracked 
| 278|0x00000000b1600000, 0x00000000b1700000, 0x00000000b1700000|100%| O|  |TAMS 0x00000000b1700000, 0x00000000b1600000| Untracked 
| 279|0x00000000b1700000, 0x00000000b1800000, 0x00000000b1800000|100%| O|  |TAMS 0x00000000b1800000, 0x00000000b1700000| Untracked 
| 280|0x00000000b1800000, 0x00000000b1900000, 0x00000000b1900000|100%| O|  |TAMS 0x00000000b1800000, 0x00000000b1800000| Untracked 
| 281|0x00000000b1900000, 0x00000000b1a00000, 0x00000000b1a00000|100%| O|  |TAMS 0x00000000b1900000, 0x00000000b1900000| Untracked 
| 282|0x00000000b1a00000, 0x00000000b1b00000, 0x00000000b1b00000|100%| O|  |TAMS 0x00000000b1a00000, 0x00000000b1a00000| Untracked 
| 283|0x00000000b1b00000, 0x00000000b1c00000, 0x00000000b1c00000|100%| O|  |TAMS 0x00000000b1c00000, 0x00000000b1b00000| Untracked 
| 284|0x00000000b1c00000, 0x00000000b1d00000, 0x00000000b1d00000|100%| O|  |TAMS 0x00000000b1c00000, 0x00000000b1c00000| Untracked 
| 285|0x00000000b1d00000, 0x00000000b1e00000, 0x00000000b1e00000|100%| O|  |TAMS 0x00000000b1e00000, 0x00000000b1d00000| Untracked 
| 286|0x00000000b1e00000, 0x00000000b1f00000, 0x00000000b1f00000|100%| O|  |TAMS 0x00000000b1e00000, 0x00000000b1e00000| Untracked 
| 287|0x00000000b1f00000, 0x00000000b2000000, 0x00000000b2000000|100%| O|  |TAMS 0x00000000b2000000, 0x00000000b1f00000| Untracked 
| 288|0x00000000b2000000, 0x00000000b2100000, 0x00000000b2100000|100%| O|  |TAMS 0x00000000b2000000, 0x00000000b2000000| Untracked 
| 289|0x00000000b2100000, 0x00000000b2200000, 0x00000000b2200000|100%| O|  |TAMS 0x00000000b2200000, 0x00000000b2100000| Untracked 
| 290|0x00000000b2200000, 0x00000000b2300000, 0x00000000b2300000|100%| O|  |TAMS 0x00000000b2300000, 0x00000000b2200000| Untracked 
| 291|0x00000000b2300000, 0x00000000b2400000, 0x00000000b2400000|100%| O|  |TAMS 0x00000000b2400000, 0x00000000b2300000| Untracked 
| 292|0x00000000b2400000, 0x00000000b2500000, 0x00000000b2500000|100%|HS|  |TAMS 0x00000000b2400000, 0x00000000b2400000| Complete 
| 293|0x00000000b2500000, 0x00000000b2600000, 0x00000000b2600000|100%|HC|  |TAMS 0x00000000b2500000, 0x00000000b2500000| Complete 
| 294|0x00000000b2600000, 0x00000000b2700000, 0x00000000b2700000|100%|HC|  |TAMS 0x00000000b2600000, 0x00000000b2600000| Complete 
| 295|0x00000000b2700000, 0x00000000b2800000, 0x00000000b2800000|100%|HC|  |TAMS 0x00000000b2700000, 0x00000000b2700000| Complete 
| 296|0x00000000b2800000, 0x00000000b2900000, 0x00000000b2900000|100%|HC|  |TAMS 0x00000000b2800000, 0x00000000b2800000| Complete 
| 297|0x00000000b2900000, 0x00000000b2a00000, 0x00000000b2a00000|100%|HC|  |TAMS 0x00000000b2900000, 0x00000000b2900000| Complete 
| 298|0x00000000b2a00000, 0x00000000b2b00000, 0x00000000b2b00000|100%|HC|  |TAMS 0x00000000b2a00000, 0x00000000b2a00000| Complete 
| 299|0x00000000b2b00000, 0x00000000b2c00000, 0x00000000b2c00000|100%|HC|  |TAMS 0x00000000b2b00000, 0x00000000b2b00000| Complete 
| 300|0x00000000b2c00000, 0x00000000b2d00000, 0x00000000b2d00000|100%|HC|  |TAMS 0x00000000b2c00000, 0x00000000b2c00000| Complete 
| 301|0x00000000b2d00000, 0x00000000b2e00000, 0x00000000b2e00000|100%|HC|  |TAMS 0x00000000b2d00000, 0x00000000b2d00000| Complete 
| 302|0x00000000b2e00000, 0x00000000b2f00000, 0x00000000b2f00000|100%| O|  |TAMS 0x00000000b2e00000, 0x00000000b2e00000| Untracked 
| 303|0x00000000b2f00000, 0x00000000b3000000, 0x00000000b3000000|100%| O|  |TAMS 0x00000000b2f00000, 0x00000000b2f00000| Untracked 
| 304|0x00000000b3000000, 0x00000000b3100000, 0x00000000b3100000|100%| O|  |TAMS 0x00000000b3100000, 0x00000000b3000000| Untracked 
| 305|0x00000000b3100000, 0x00000000b3200000, 0x00000000b3200000|100%| O|  |TAMS 0x00000000b3200000, 0x00000000b3100000| Untracked 
| 306|0x00000000b3200000, 0x00000000b3300000, 0x00000000b3300000|100%| O|  |TAMS 0x00000000b3200000, 0x00000000b3200000| Untracked 
| 307|0x00000000b3300000, 0x00000000b3400000, 0x00000000b3400000|100%|HS|  |TAMS 0x00000000b3400000, 0x00000000b3300000| Complete 
| 308|0x00000000b3400000, 0x00000000b3500000, 0x00000000b3500000|100%| O|  |TAMS 0x00000000b3400000, 0x00000000b3400000| Untracked 
| 309|0x00000000b3500000, 0x00000000b3600000, 0x00000000b3600000|100%| O|  |TAMS 0x00000000b3500000, 0x00000000b3500000| Untracked 
| 310|0x00000000b3600000, 0x00000000b3700000, 0x00000000b3700000|100%| O|  |TAMS 0x00000000b3600000, 0x00000000b3600000| Untracked 
| 311|0x00000000b3700000, 0x00000000b3800000, 0x00000000b3800000|100%| O|  |TAMS 0x00000000b3700000, 0x00000000b3700000| Untracked 
| 312|0x00000000b3800000, 0x00000000b3900000, 0x00000000b3900000|100%| O|  |TAMS 0x00000000b3900000, 0x00000000b3800000| Untracked 
| 313|0x00000000b3900000, 0x00000000b3a00000, 0x00000000b3a00000|100%|HS|  |TAMS 0x00000000b3a00000, 0x00000000b3900000| Complete 
| 314|0x00000000b3a00000, 0x00000000b3b00000, 0x00000000b3b00000|100%|HC|  |TAMS 0x00000000b3b00000, 0x00000000b3a00000| Complete 
| 315|0x00000000b3b00000, 0x00000000b3c00000, 0x00000000b3c00000|100%|HC|  |TAMS 0x00000000b3c00000, 0x00000000b3b00000| Complete 
| 316|0x00000000b3c00000, 0x00000000b3d00000, 0x00000000b3d00000|100%|HS|  |TAMS 0x00000000b3d00000, 0x00000000b3c00000| Complete 
| 317|0x00000000b3d00000, 0x00000000b3e00000, 0x00000000b3e00000|100%|HC|  |TAMS 0x00000000b3e00000, 0x00000000b3d00000| Complete 
| 318|0x00000000b3e00000, 0x00000000b3f00000, 0x00000000b3f00000|100%|HC|  |TAMS 0x00000000b3f00000, 0x00000000b3e00000| Complete 
| 319|0x00000000b3f00000, 0x00000000b4000000, 0x00000000b4000000|100%| O|  |TAMS 0x00000000b4000000, 0x00000000b3f00000| Untracked 
| 320|0x00000000b4000000, 0x00000000b4100000, 0x00000000b4100000|100%| O|  |TAMS 0x00000000b4100000, 0x00000000b4000000| Untracked 
| 321|0x00000000b4100000, 0x00000000b4200000, 0x00000000b4200000|100%| O|  |TAMS 0x00000000b4200000, 0x00000000b4100000| Untracked 
| 322|0x00000000b4200000, 0x00000000b4300000, 0x00000000b4300000|100%| O|  |TAMS 0x00000000b4300000, 0x00000000b4200000| Untracked 
| 323|0x00000000b4300000, 0x00000000b4400000, 0x00000000b4400000|100%| O|  |TAMS 0x00000000b4400000, 0x00000000b4300000| Untracked 
| 324|0x00000000b4400000, 0x00000000b4500000, 0x00000000b4500000|100%| O|  |TAMS 0x00000000b4500000, 0x00000000b4400000| Untracked 
| 325|0x00000000b4500000, 0x00000000b4600000, 0x00000000b4600000|100%| O|  |TAMS 0x00000000b4600000, 0x00000000b4500000| Untracked 
| 326|0x00000000b4600000, 0x00000000b4700000, 0x00000000b4700000|100%| O|  |TAMS 0x00000000b4700000, 0x00000000b4600000| Untracked 
| 327|0x00000000b4700000, 0x00000000b4800000, 0x00000000b4800000|100%| O|  |TAMS 0x00000000b4800000, 0x00000000b4700000| Untracked 
| 328|0x00000000b4800000, 0x00000000b4900000, 0x00000000b4900000|100%| O|  |TAMS 0x00000000b4900000, 0x00000000b4800000| Untracked 
| 329|0x00000000b4900000, 0x00000000b4a00000, 0x00000000b4a00000|100%| O|  |TAMS 0x00000000b4a00000, 0x00000000b4900000| Untracked 
| 330|0x00000000b4a00000, 0x00000000b4b00000, 0x00000000b4b00000|100%| O|  |TAMS 0x00000000b4b00000, 0x00000000b4a00000| Untracked 
| 331|0x00000000b4b00000, 0x00000000b4c00000, 0x00000000b4c00000|100%| O|  |TAMS 0x00000000b4c00000, 0x00000000b4b00000| Untracked 
| 332|0x00000000b4c00000, 0x00000000b4d00000, 0x00000000b4d00000|100%| O|  |TAMS 0x00000000b4d00000, 0x00000000b4c00000| Untracked 
| 333|0x00000000b4d00000, 0x00000000b4e00000, 0x00000000b4e00000|100%| O|  |TAMS 0x00000000b4e00000, 0x00000000b4d00000| Untracked 
| 334|0x00000000b4e00000, 0x00000000b4f00000, 0x00000000b4f00000|100%| O|  |TAMS 0x00000000b4f00000, 0x00000000b4e00000| Untracked 
| 335|0x00000000b4f00000, 0x00000000b5000000, 0x00000000b5000000|100%| O|  |TAMS 0x00000000b5000000, 0x00000000b4f00000| Untracked 
| 336|0x00000000b5000000, 0x00000000b5100000, 0x00000000b5100000|100%| O|  |TAMS 0x00000000b5100000, 0x00000000b5000000| Untracked 
| 337|0x00000000b5100000, 0x00000000b5200000, 0x00000000b5200000|100%| O|  |TAMS 0x00000000b5200000, 0x00000000b5100000| Untracked 
| 338|0x00000000b5200000, 0x00000000b5300000, 0x00000000b5300000|100%| O|  |TAMS 0x00000000b5300000, 0x00000000b5200000| Untracked 
| 339|0x00000000b5300000, 0x00000000b5400000, 0x00000000b5400000|100%| O|  |TAMS 0x00000000b5400000, 0x00000000b5300000| Untracked 
| 340|0x00000000b5400000, 0x00000000b5500000, 0x00000000b5500000|100%| O|  |TAMS 0x00000000b5500000, 0x00000000b5400000| Untracked 
| 341|0x00000000b5500000, 0x00000000b5600000, 0x00000000b5600000|100%| O|  |TAMS 0x00000000b5600000, 0x00000000b5500000| Untracked 
| 342|0x00000000b5600000, 0x00000000b5700000, 0x00000000b5700000|100%| O|  |TAMS 0x00000000b5700000, 0x00000000b5600000| Untracked 
| 343|0x00000000b5700000, 0x00000000b5800000, 0x00000000b5800000|100%| O|  |TAMS 0x00000000b5800000, 0x00000000b5700000| Untracked 
| 344|0x00000000b5800000, 0x00000000b5900000, 0x00000000b5900000|100%| O|  |TAMS 0x00000000b5900000, 0x00000000b5800000| Untracked 
| 345|0x00000000b5900000, 0x00000000b5a00000, 0x00000000b5a00000|100%| O|  |TAMS 0x00000000b5a00000, 0x00000000b5900000| Untracked 
| 346|0x00000000b5a00000, 0x00000000b5b00000, 0x00000000b5b00000|100%| O|  |TAMS 0x00000000b5b00000, 0x00000000b5a00000| Untracked 
| 347|0x00000000b5b00000, 0x00000000b5c00000, 0x00000000b5c00000|100%| O|  |TAMS 0x00000000b5c00000, 0x00000000b5b00000| Untracked 
| 348|0x00000000b5c00000, 0x00000000b5d00000, 0x00000000b5d00000|100%| O|  |TAMS 0x00000000b5d00000, 0x00000000b5c00000| Untracked 
| 349|0x00000000b5d00000, 0x00000000b5e00000, 0x00000000b5e00000|100%| O|  |TAMS 0x00000000b5e00000, 0x00000000b5d00000| Untracked 
| 350|0x00000000b5e00000, 0x00000000b5f00000, 0x00000000b5f00000|100%| O|  |TAMS 0x00000000b5f00000, 0x00000000b5e00000| Untracked 
| 351|0x00000000b5f00000, 0x00000000b6000000, 0x00000000b6000000|100%| O|  |TAMS 0x00000000b6000000, 0x00000000b5f00000| Untracked 
| 352|0x00000000b6000000, 0x00000000b6100000, 0x00000000b6100000|100%| O|  |TAMS 0x00000000b6100000, 0x00000000b6000000| Untracked 
| 353|0x00000000b6100000, 0x00000000b6200000, 0x00000000b6200000|100%| O|  |TAMS 0x00000000b6200000, 0x00000000b6100000| Untracked 
| 354|0x00000000b6200000, 0x00000000b6300000, 0x00000000b6300000|100%| O|  |TAMS 0x00000000b6300000, 0x00000000b6200000| Untracked 
| 355|0x00000000b6300000, 0x00000000b6400000, 0x00000000b6400000|100%| O|  |TAMS 0x00000000b6400000, 0x00000000b6300000| Untracked 
| 356|0x00000000b6400000, 0x00000000b6500000, 0x00000000b6500000|100%| O|  |TAMS 0x00000000b6500000, 0x00000000b6400000| Untracked 
| 357|0x00000000b6500000, 0x00000000b6600000, 0x00000000b6600000|100%| O|  |TAMS 0x00000000b6600000, 0x00000000b6500000| Untracked 
| 358|0x00000000b6600000, 0x00000000b6700000, 0x00000000b6700000|100%| O|  |TAMS 0x00000000b6700000, 0x00000000b6600000| Untracked 
| 359|0x00000000b6700000, 0x00000000b6800000, 0x00000000b6800000|100%| O|  |TAMS 0x00000000b6800000, 0x00000000b6700000| Untracked 
| 360|0x00000000b6800000, 0x00000000b6900000, 0x00000000b6900000|100%| O|  |TAMS 0x00000000b6900000, 0x00000000b6800000| Untracked 
| 361|0x00000000b6900000, 0x00000000b6a00000, 0x00000000b6a00000|100%| O|  |TAMS 0x00000000b6a00000, 0x00000000b6900000| Untracked 
| 362|0x00000000b6a00000, 0x00000000b6b00000, 0x00000000b6b00000|100%| O|  |TAMS 0x00000000b6b00000, 0x00000000b6a00000| Untracked 
| 363|0x00000000b6b00000, 0x00000000b6c00000, 0x00000000b6c00000|100%| O|  |TAMS 0x00000000b6c00000, 0x00000000b6b00000| Untracked 
| 364|0x00000000b6c00000, 0x00000000b6d00000, 0x00000000b6d00000|100%| O|  |TAMS 0x00000000b6d00000, 0x00000000b6c00000| Untracked 
| 365|0x00000000b6d00000, 0x00000000b6e00000, 0x00000000b6e00000|100%| O|  |TAMS 0x00000000b6e00000, 0x00000000b6d00000| Untracked 
| 366|0x00000000b6e00000, 0x00000000b6f00000, 0x00000000b6f00000|100%| O|  |TAMS 0x00000000b6f00000, 0x00000000b6e00000| Untracked 
| 367|0x00000000b6f00000, 0x00000000b7000000, 0x00000000b7000000|100%| O|  |TAMS 0x00000000b6f00000, 0x00000000b6f00000| Untracked 
| 368|0x00000000b7000000, 0x00000000b7100000, 0x00000000b7100000|100%| O|  |TAMS 0x00000000b7100000, 0x00000000b7000000| Untracked 
| 369|0x00000000b7100000, 0x00000000b7200000, 0x00000000b7200000|100%| O|  |TAMS 0x00000000b7200000, 0x00000000b7100000| Untracked 
| 370|0x00000000b7200000, 0x00000000b7300000, 0x00000000b7300000|100%| O|  |TAMS 0x00000000b7300000, 0x00000000b7200000| Untracked 
| 371|0x00000000b7300000, 0x00000000b7400000, 0x00000000b7400000|100%| O|  |TAMS 0x00000000b7400000, 0x00000000b7300000| Untracked 
| 372|0x00000000b7400000, 0x00000000b7500000, 0x00000000b7500000|100%| O|  |TAMS 0x00000000b7500000, 0x00000000b7400000| Untracked 
| 373|0x00000000b7500000, 0x00000000b7600000, 0x00000000b7600000|100%| O|  |TAMS 0x00000000b7600000, 0x00000000b7500000| Untracked 
| 374|0x00000000b7600000, 0x00000000b7700000, 0x00000000b7700000|100%| O|  |TAMS 0x00000000b7700000, 0x00000000b7600000| Untracked 
| 375|0x00000000b7700000, 0x00000000b7800000, 0x00000000b7800000|100%| O|  |TAMS 0x00000000b7800000, 0x00000000b7700000| Untracked 
| 376|0x00000000b7800000, 0x00000000b7900000, 0x00000000b7900000|100%| O|  |TAMS 0x00000000b7900000, 0x00000000b7800000| Untracked 
| 377|0x00000000b7900000, 0x00000000b7a00000, 0x00000000b7a00000|100%| O|  |TAMS 0x00000000b7a00000, 0x00000000b7900000| Untracked 
| 378|0x00000000b7a00000, 0x00000000b7b00000, 0x00000000b7b00000|100%| O|  |TAMS 0x00000000b7b00000, 0x00000000b7a00000| Untracked 
| 379|0x00000000b7b00000, 0x00000000b7c00000, 0x00000000b7c00000|100%| O|  |TAMS 0x00000000b7c00000, 0x00000000b7b00000| Untracked 
| 380|0x00000000b7c00000, 0x00000000b7d00000, 0x00000000b7d00000|100%| O|  |TAMS 0x00000000b7d00000, 0x00000000b7c00000| Untracked 
| 381|0x00000000b7d00000, 0x00000000b7e00000, 0x00000000b7e00000|100%| O|  |TAMS 0x00000000b7e00000, 0x00000000b7d00000| Untracked 
| 382|0x00000000b7e00000, 0x00000000b7f00000, 0x00000000b7f00000|100%| O|  |TAMS 0x00000000b7f00000, 0x00000000b7e00000| Untracked 
| 383|0x00000000b7f00000, 0x00000000b8000000, 0x00000000b8000000|100%| O|  |TAMS 0x00000000b8000000, 0x00000000b7f00000| Untracked 
| 384|0x00000000b8000000, 0x00000000b8100000, 0x00000000b8100000|100%| O|  |TAMS 0x00000000b8100000, 0x00000000b8000000| Untracked 
| 385|0x00000000b8100000, 0x00000000b8200000, 0x00000000b8200000|100%| O|  |TAMS 0x00000000b8200000, 0x00000000b8100000| Untracked 
| 386|0x00000000b8200000, 0x00000000b8300000, 0x00000000b8300000|100%| O|  |TAMS 0x00000000b8300000, 0x00000000b8200000| Untracked 
| 387|0x00000000b8300000, 0x00000000b8400000, 0x00000000b8400000|100%| O|  |TAMS 0x00000000b8400000, 0x00000000b8300000| Untracked 
| 388|0x00000000b8400000, 0x00000000b8500000, 0x00000000b8500000|100%| O|  |TAMS 0x00000000b8500000, 0x00000000b8400000| Untracked 
| 389|0x00000000b8500000, 0x00000000b8600000, 0x00000000b8600000|100%| O|  |TAMS 0x00000000b8600000, 0x00000000b8500000| Untracked 
| 390|0x00000000b8600000, 0x00000000b8700000, 0x00000000b8700000|100%| O|  |TAMS 0x00000000b8700000, 0x00000000b8600000| Untracked 
| 391|0x00000000b8700000, 0x00000000b8800000, 0x00000000b8800000|100%| O|  |TAMS 0x00000000b8800000, 0x00000000b8700000| Untracked 
| 392|0x00000000b8800000, 0x00000000b8900000, 0x00000000b8900000|100%| O|  |TAMS 0x00000000b8900000, 0x00000000b8800000| Untracked 
| 393|0x00000000b8900000, 0x00000000b8a00000, 0x00000000b8a00000|100%| O|  |TAMS 0x00000000b8a00000, 0x00000000b8900000| Untracked 
| 394|0x00000000b8a00000, 0x00000000b8b00000, 0x00000000b8b00000|100%| O|  |TAMS 0x00000000b8b00000, 0x00000000b8a00000| Untracked 
| 395|0x00000000b8b00000, 0x00000000b8c00000, 0x00000000b8c00000|100%| O|  |TAMS 0x00000000b8c00000, 0x00000000b8b00000| Untracked 
| 396|0x00000000b8c00000, 0x00000000b8d00000, 0x00000000b8d00000|100%| O|  |TAMS 0x00000000b8d00000, 0x00000000b8c00000| Untracked 
| 397|0x00000000b8d00000, 0x00000000b8e00000, 0x00000000b8e00000|100%| O|  |TAMS 0x00000000b8e00000, 0x00000000b8d00000| Untracked 
| 398|0x00000000b8e00000, 0x00000000b8f00000, 0x00000000b8f00000|100%| O|  |TAMS 0x00000000b8f00000, 0x00000000b8e00000| Untracked 
| 399|0x00000000b8f00000, 0x00000000b9000000, 0x00000000b9000000|100%| O|  |TAMS 0x00000000b9000000, 0x00000000b8f00000| Untracked 
| 400|0x00000000b9000000, 0x00000000b9100000, 0x00000000b9100000|100%| O|  |TAMS 0x00000000b9100000, 0x00000000b9000000| Untracked 
| 401|0x00000000b9100000, 0x00000000b9200000, 0x00000000b9200000|100%| O|  |TAMS 0x00000000b9200000, 0x00000000b9100000| Untracked 
| 402|0x00000000b9200000, 0x00000000b9300000, 0x00000000b9300000|100%| O|  |TAMS 0x00000000b9300000, 0x00000000b9200000| Untracked 
| 403|0x00000000b9300000, 0x00000000b9400000, 0x00000000b9400000|100%| O|  |TAMS 0x00000000b9400000, 0x00000000b9300000| Untracked 
| 404|0x00000000b9400000, 0x00000000b9500000, 0x00000000b9500000|100%| O|  |TAMS 0x00000000b9500000, 0x00000000b9400000| Untracked 
| 405|0x00000000b9500000, 0x00000000b9600000, 0x00000000b9600000|100%| O|  |TAMS 0x00000000b9600000, 0x00000000b9500000| Untracked 
| 406|0x00000000b9600000, 0x00000000b9700000, 0x00000000b9700000|100%| O|  |TAMS 0x00000000b9700000, 0x00000000b9600000| Untracked 
| 407|0x00000000b9700000, 0x00000000b9800000, 0x00000000b9800000|100%| O|  |TAMS 0x00000000b9800000, 0x00000000b9700000| Untracked 
| 408|0x00000000b9800000, 0x00000000b9900000, 0x00000000b9900000|100%| O|  |TAMS 0x00000000b9900000, 0x00000000b9800000| Untracked 
| 409|0x00000000b9900000, 0x00000000b9a00000, 0x00000000b9a00000|100%| O|  |TAMS 0x00000000b9a00000, 0x00000000b9900000| Untracked 
| 410|0x00000000b9a00000, 0x00000000b9b00000, 0x00000000b9b00000|100%| O|  |TAMS 0x00000000b9b00000, 0x00000000b9a00000| Untracked 
| 411|0x00000000b9b00000, 0x00000000b9c00000, 0x00000000b9c00000|100%| O|  |TAMS 0x00000000b9c00000, 0x00000000b9b00000| Untracked 
| 412|0x00000000b9c00000, 0x00000000b9d00000, 0x00000000b9d00000|100%| O|  |TAMS 0x00000000b9d00000, 0x00000000b9c00000| Untracked 
| 413|0x00000000b9d00000, 0x00000000b9e00000, 0x00000000b9e00000|100%| O|  |TAMS 0x00000000b9e00000, 0x00000000b9d00000| Untracked 
| 414|0x00000000b9e00000, 0x00000000b9f00000, 0x00000000b9f00000|100%| O|  |TAMS 0x00000000b9f00000, 0x00000000b9e00000| Untracked 
| 415|0x00000000b9f00000, 0x00000000ba000000, 0x00000000ba000000|100%| O|  |TAMS 0x00000000ba000000, 0x00000000b9f00000| Untracked 
| 416|0x00000000ba000000, 0x00000000ba100000, 0x00000000ba100000|100%| O|  |TAMS 0x00000000ba100000, 0x00000000ba000000| Untracked 
| 417|0x00000000ba100000, 0x00000000ba200000, 0x00000000ba200000|100%| O|  |TAMS 0x00000000ba200000, 0x00000000ba100000| Untracked 
| 418|0x00000000ba200000, 0x00000000ba300000, 0x00000000ba300000|100%| O|  |TAMS 0x00000000ba300000, 0x00000000ba200000| Untracked 
| 419|0x00000000ba300000, 0x00000000ba400000, 0x00000000ba400000|100%| O|  |TAMS 0x00000000ba400000, 0x00000000ba300000| Untracked 
| 420|0x00000000ba400000, 0x00000000ba500000, 0x00000000ba500000|100%| O|  |TAMS 0x00000000ba500000, 0x00000000ba400000| Untracked 
| 421|0x00000000ba500000, 0x00000000ba600000, 0x00000000ba600000|100%| O|  |TAMS 0x00000000ba600000, 0x00000000ba500000| Untracked 
| 422|0x00000000ba600000, 0x00000000ba700000, 0x00000000ba700000|100%|HS|  |TAMS 0x00000000ba700000, 0x00000000ba600000| Complete 
| 423|0x00000000ba700000, 0x00000000ba800000, 0x00000000ba800000|100%|HC|  |TAMS 0x00000000ba800000, 0x00000000ba700000| Complete 
| 424|0x00000000ba800000, 0x00000000ba900000, 0x00000000ba900000|100%| O|  |TAMS 0x00000000ba800000, 0x00000000ba800000| Untracked 
| 425|0x00000000ba900000, 0x00000000baa00000, 0x00000000baa00000|100%| O|  |TAMS 0x00000000baa00000, 0x00000000ba900000| Untracked 
| 426|0x00000000baa00000, 0x00000000bab00000, 0x00000000bab00000|100%| O|  |TAMS 0x00000000bab00000, 0x00000000baa00000| Untracked 
| 427|0x00000000bab00000, 0x00000000bac00000, 0x00000000bac00000|100%| O|  |TAMS 0x00000000bac00000, 0x00000000bab00000| Untracked 
| 428|0x00000000bac00000, 0x00000000bad00000, 0x00000000bad00000|100%| O|  |TAMS 0x00000000bad00000, 0x00000000bac00000| Untracked 
| 429|0x00000000bad00000, 0x00000000bae00000, 0x00000000bae00000|100%| O|  |TAMS 0x00000000bae00000, 0x00000000bad00000| Untracked 
| 430|0x00000000bae00000, 0x00000000baf00000, 0x00000000baf00000|100%| O|  |TAMS 0x00000000baf00000, 0x00000000bae00000| Untracked 
| 431|0x00000000baf00000, 0x00000000bb000000, 0x00000000bb000000|100%| O|  |TAMS 0x00000000bb000000, 0x00000000baf00000| Untracked 
| 432|0x00000000bb000000, 0x00000000bb100000, 0x00000000bb100000|100%| O|  |TAMS 0x00000000bb100000, 0x00000000bb000000| Untracked 
| 433|0x00000000bb100000, 0x00000000bb200000, 0x00000000bb200000|100%| O|  |TAMS 0x00000000bb200000, 0x00000000bb100000| Untracked 
| 434|0x00000000bb200000, 0x00000000bb300000, 0x00000000bb300000|100%| O|  |TAMS 0x00000000bb300000, 0x00000000bb200000| Untracked 
| 435|0x00000000bb300000, 0x00000000bb400000, 0x00000000bb400000|100%| O|  |TAMS 0x00000000bb400000, 0x00000000bb300000| Untracked 
| 436|0x00000000bb400000, 0x00000000bb500000, 0x00000000bb500000|100%| O|  |TAMS 0x00000000bb500000, 0x00000000bb400000| Untracked 
| 437|0x00000000bb500000, 0x00000000bb600000, 0x00000000bb600000|100%| O|  |TAMS 0x00000000bb600000, 0x00000000bb500000| Untracked 
| 438|0x00000000bb600000, 0x00000000bb700000, 0x00000000bb700000|100%| O|  |TAMS 0x00000000bb700000, 0x00000000bb600000| Untracked 
| 439|0x00000000bb700000, 0x00000000bb800000, 0x00000000bb800000|100%| O|  |TAMS 0x00000000bb800000, 0x00000000bb700000| Untracked 
| 440|0x00000000bb800000, 0x00000000bb900000, 0x00000000bb900000|100%| O|  |TAMS 0x00000000bb900000, 0x00000000bb800000| Untracked 
| 441|0x00000000bb900000, 0x00000000bba00000, 0x00000000bba00000|100%| O|  |TAMS 0x00000000bba00000, 0x00000000bb900000| Untracked 
| 442|0x00000000bba00000, 0x00000000bbb00000, 0x00000000bbb00000|100%| O|  |TAMS 0x00000000bbb00000, 0x00000000bba00000| Untracked 
| 443|0x00000000bbb00000, 0x00000000bbc00000, 0x00000000bbc00000|100%| O|  |TAMS 0x00000000bbc00000, 0x00000000bbb00000| Untracked 
| 444|0x00000000bbc00000, 0x00000000bbd00000, 0x00000000bbd00000|100%| O|  |TAMS 0x00000000bbd00000, 0x00000000bbc00000| Untracked 
| 445|0x00000000bbd00000, 0x00000000bbe00000, 0x00000000bbe00000|100%| O|  |TAMS 0x00000000bbe00000, 0x00000000bbd00000| Untracked 
| 446|0x00000000bbe00000, 0x00000000bbf00000, 0x00000000bbf00000|100%| O|  |TAMS 0x00000000bbf00000, 0x00000000bbe00000| Untracked 
| 447|0x00000000bbf00000, 0x00000000bc000000, 0x00000000bc000000|100%| O|  |TAMS 0x00000000bc000000, 0x00000000bbf00000| Untracked 
| 448|0x00000000bc000000, 0x00000000bc100000, 0x00000000bc100000|100%| O|  |TAMS 0x00000000bc100000, 0x00000000bc000000| Untracked 
| 449|0x00000000bc100000, 0x00000000bc200000, 0x00000000bc200000|100%| O|  |TAMS 0x00000000bc200000, 0x00000000bc100000| Untracked 
| 450|0x00000000bc200000, 0x00000000bc300000, 0x00000000bc300000|100%| O|  |TAMS 0x00000000bc300000, 0x00000000bc200000| Untracked 
| 451|0x00000000bc300000, 0x00000000bc400000, 0x00000000bc400000|100%| O|  |TAMS 0x00000000bc400000, 0x00000000bc300000| Untracked 
| 452|0x00000000bc400000, 0x00000000bc500000, 0x00000000bc500000|100%| O|  |TAMS 0x00000000bc500000, 0x00000000bc400000| Untracked 
| 453|0x00000000bc500000, 0x00000000bc600000, 0x00000000bc600000|100%| O|  |TAMS 0x00000000bc600000, 0x00000000bc500000| Untracked 
| 454|0x00000000bc600000, 0x00000000bc700000, 0x00000000bc700000|100%| O|  |TAMS 0x00000000bc700000, 0x00000000bc600000| Untracked 
| 455|0x00000000bc700000, 0x00000000bc800000, 0x00000000bc800000|100%| O|  |TAMS 0x00000000bc800000, 0x00000000bc700000| Untracked 
| 456|0x00000000bc800000, 0x00000000bc900000, 0x00000000bc900000|100%| O|  |TAMS 0x00000000bc900000, 0x00000000bc800000| Untracked 
| 457|0x00000000bc900000, 0x00000000bca00000, 0x00000000bca00000|100%| O|  |TAMS 0x00000000bca00000, 0x00000000bc900000| Untracked 
| 458|0x00000000bca00000, 0x00000000bcb00000, 0x00000000bcb00000|100%| O|  |TAMS 0x00000000bcb00000, 0x00000000bca00000| Untracked 
| 459|0x00000000bcb00000, 0x00000000bcc00000, 0x00000000bcc00000|100%| O|  |TAMS 0x00000000bcb00000, 0x00000000bcb00000| Untracked 
| 460|0x00000000bcc00000, 0x00000000bcd00000, 0x00000000bcd00000|100%| O|  |TAMS 0x00000000bcc00000, 0x00000000bcc00000| Untracked 
| 461|0x00000000bcd00000, 0x00000000bce00000, 0x00000000bce00000|100%| O|  |TAMS 0x00000000bcd00000, 0x00000000bcd00000| Untracked 
| 462|0x00000000bce00000, 0x00000000bcf00000, 0x00000000bcf00000|100%| O|  |TAMS 0x00000000bce00000, 0x00000000bce00000| Untracked 
| 463|0x00000000bcf00000, 0x00000000bd000000, 0x00000000bd000000|100%| O|  |TAMS 0x00000000bd000000, 0x00000000bcf00000| Untracked 
| 464|0x00000000bd000000, 0x00000000bd100000, 0x00000000bd100000|100%| O|  |TAMS 0x00000000bd100000, 0x00000000bd000000| Untracked 
| 465|0x00000000bd100000, 0x00000000bd200000, 0x00000000bd200000|100%| O|  |TAMS 0x00000000bd200000, 0x00000000bd100000| Untracked 
| 466|0x00000000bd200000, 0x00000000bd300000, 0x00000000bd300000|100%| O|  |TAMS 0x00000000bd300000, 0x00000000bd200000| Untracked 
| 467|0x00000000bd300000, 0x00000000bd400000, 0x00000000bd400000|100%| O|  |TAMS 0x00000000bd400000, 0x00000000bd300000| Untracked 
| 468|0x00000000bd400000, 0x00000000bd500000, 0x00000000bd500000|100%| O|  |TAMS 0x00000000bd500000, 0x00000000bd400000| Untracked 
| 469|0x00000000bd500000, 0x00000000bd600000, 0x00000000bd600000|100%| O|  |TAMS 0x00000000bd600000, 0x00000000bd500000| Untracked 
| 470|0x00000000bd600000, 0x00000000bd700000, 0x00000000bd700000|100%| O|  |TAMS 0x00000000bd700000, 0x00000000bd600000| Untracked 
| 471|0x00000000bd700000, 0x00000000bd800000, 0x00000000bd800000|100%| O|  |TAMS 0x00000000bd800000, 0x00000000bd700000| Untracked 
| 472|0x00000000bd800000, 0x00000000bd900000, 0x00000000bd900000|100%| O|  |TAMS 0x00000000bd900000, 0x00000000bd800000| Untracked 
| 473|0x00000000bd900000, 0x00000000bda00000, 0x00000000bda00000|100%| O|  |TAMS 0x00000000bda00000, 0x00000000bd900000| Untracked 
| 474|0x00000000bda00000, 0x00000000bdb00000, 0x00000000bdb00000|100%| O|  |TAMS 0x00000000bdb00000, 0x00000000bda00000| Untracked 
| 475|0x00000000bdb00000, 0x00000000bdc00000, 0x00000000bdc00000|100%| O|  |TAMS 0x00000000bdc00000, 0x00000000bdb00000| Untracked 
| 476|0x00000000bdc00000, 0x00000000bdd00000, 0x00000000bdd00000|100%| O|  |TAMS 0x00000000bdd00000, 0x00000000bdc00000| Untracked 
| 477|0x00000000bdd00000, 0x00000000bde00000, 0x00000000bde00000|100%| O|  |TAMS 0x00000000bde00000, 0x00000000bdd00000| Untracked 
| 478|0x00000000bde00000, 0x00000000bdf00000, 0x00000000bdf00000|100%| O|  |TAMS 0x00000000bdf00000, 0x00000000bde00000| Untracked 
| 479|0x00000000bdf00000, 0x00000000be000000, 0x00000000be000000|100%| O|  |TAMS 0x00000000be000000, 0x00000000bdf00000| Untracked 
| 480|0x00000000be000000, 0x00000000be100000, 0x00000000be100000|100%| O|  |TAMS 0x00000000be100000, 0x00000000be000000| Untracked 
| 481|0x00000000be100000, 0x00000000be200000, 0x00000000be200000|100%| O|  |TAMS 0x00000000be200000, 0x00000000be100000| Untracked 
| 482|0x00000000be200000, 0x00000000be300000, 0x00000000be300000|100%| O|  |TAMS 0x00000000be300000, 0x00000000be200000| Untracked 
| 483|0x00000000be300000, 0x00000000be400000, 0x00000000be400000|100%| O|  |TAMS 0x00000000be400000, 0x00000000be300000| Untracked 
| 484|0x00000000be400000, 0x00000000be500000, 0x00000000be500000|100%| O|  |TAMS 0x00000000be500000, 0x00000000be400000| Untracked 
| 485|0x00000000be500000, 0x00000000be600000, 0x00000000be600000|100%| O|  |TAMS 0x00000000be500000, 0x00000000be500000| Untracked 
| 486|0x00000000be600000, 0x00000000be700000, 0x00000000be700000|100%| O|  |TAMS 0x00000000be700000, 0x00000000be600000| Untracked 
| 487|0x00000000be700000, 0x00000000be800000, 0x00000000be800000|100%| O|  |TAMS 0x00000000be700000, 0x00000000be700000| Untracked 
| 488|0x00000000be800000, 0x00000000be900000, 0x00000000be900000|100%| O|  |TAMS 0x00000000be800000, 0x00000000be800000| Untracked 
| 489|0x00000000be900000, 0x00000000bea00000, 0x00000000bea00000|100%| O|  |TAMS 0x00000000be900000, 0x00000000be900000| Untracked 
| 490|0x00000000bea00000, 0x00000000beb00000, 0x00000000beb00000|100%| O|  |TAMS 0x00000000beb00000, 0x00000000bea00000| Untracked 
| 491|0x00000000beb00000, 0x00000000bec00000, 0x00000000bec00000|100%| O|  |TAMS 0x00000000bec00000, 0x00000000beb00000| Untracked 
| 492|0x00000000bec00000, 0x00000000bed00000, 0x00000000bed00000|100%| O|  |TAMS 0x00000000bed00000, 0x00000000bec00000| Untracked 
| 493|0x00000000bed00000, 0x00000000bee00000, 0x00000000bee00000|100%| O|  |TAMS 0x00000000bee00000, 0x00000000bed00000| Untracked 
| 494|0x00000000bee00000, 0x00000000bef00000, 0x00000000bef00000|100%| O|  |TAMS 0x00000000bef00000, 0x00000000bee00000| Untracked 
| 495|0x00000000bef00000, 0x00000000bf000000, 0x00000000bf000000|100%| O|  |TAMS 0x00000000bf000000, 0x00000000bef00000| Untracked 
| 496|0x00000000bf000000, 0x00000000bf100000, 0x00000000bf100000|100%| O|  |TAMS 0x00000000bf100000, 0x00000000bf000000| Untracked 
| 497|0x00000000bf100000, 0x00000000bf200000, 0x00000000bf200000|100%| O|  |TAMS 0x00000000bf200000, 0x00000000bf100000| Untracked 
| 498|0x00000000bf200000, 0x00000000bf300000, 0x00000000bf300000|100%| O|  |TAMS 0x00000000bf300000, 0x00000000bf200000| Untracked 
| 499|0x00000000bf300000, 0x00000000bf400000, 0x00000000bf400000|100%| O|  |TAMS 0x00000000bf400000, 0x00000000bf300000| Untracked 
| 500|0x00000000bf400000, 0x00000000bf500000, 0x00000000bf500000|100%| O|  |TAMS 0x00000000bf500000, 0x00000000bf400000| Untracked 
| 501|0x00000000bf500000, 0x00000000bf600000, 0x00000000bf600000|100%| O|  |TAMS 0x00000000bf600000, 0x00000000bf500000| Untracked 
| 502|0x00000000bf600000, 0x00000000bf700000, 0x00000000bf700000|100%| O|  |TAMS 0x00000000bf700000, 0x00000000bf600000| Untracked 
| 503|0x00000000bf700000, 0x00000000bf800000, 0x00000000bf800000|100%| O|  |TAMS 0x00000000bf800000, 0x00000000bf700000| Untracked 
| 504|0x00000000bf800000, 0x00000000bf900000, 0x00000000bf900000|100%| O|  |TAMS 0x00000000bf900000, 0x00000000bf800000| Untracked 
| 505|0x00000000bf900000, 0x00000000bfa00000, 0x00000000bfa00000|100%| O|  |TAMS 0x00000000bfa00000, 0x00000000bf900000| Untracked 
| 506|0x00000000bfa00000, 0x00000000bfb00000, 0x00000000bfb00000|100%| O|  |TAMS 0x00000000bfb00000, 0x00000000bfa00000| Untracked 
| 507|0x00000000bfb00000, 0x00000000bfc00000, 0x00000000bfc00000|100%| O|  |TAMS 0x00000000bfc00000, 0x00000000bfb00000| Untracked 
| 508|0x00000000bfc00000, 0x00000000bfd00000, 0x00000000bfd00000|100%| O|  |TAMS 0x00000000bfd00000, 0x00000000bfc00000| Untracked 
| 509|0x00000000bfd00000, 0x00000000bfe00000, 0x00000000bfe00000|100%| O|  |TAMS 0x00000000bfe00000, 0x00000000bfd00000| Untracked 
| 510|0x00000000bfe00000, 0x00000000bff00000, 0x00000000bff00000|100%| O|  |TAMS 0x00000000bff00000, 0x00000000bfe00000| Untracked 
| 511|0x00000000bff00000, 0x00000000c0000000, 0x00000000c0000000|100%| O|  |TAMS 0x00000000c0000000, 0x00000000bff00000| Untracked 
| 512|0x00000000c0000000, 0x00000000c0100000, 0x00000000c0100000|100%| O|  |TAMS 0x00000000c0100000, 0x00000000c0000000| Untracked 
| 513|0x00000000c0100000, 0x00000000c0200000, 0x00000000c0200000|100%| O|  |TAMS 0x00000000c0200000, 0x00000000c0100000| Untracked 
| 514|0x00000000c0200000, 0x00000000c0300000, 0x00000000c0300000|100%| O|  |TAMS 0x00000000c0300000, 0x00000000c0200000| Untracked 
| 515|0x00000000c0300000, 0x00000000c0400000, 0x00000000c0400000|100%| O|  |TAMS 0x00000000c0400000, 0x00000000c0300000| Untracked 
| 516|0x00000000c0400000, 0x00000000c0500000, 0x00000000c0500000|100%| O|  |TAMS 0x00000000c0500000, 0x00000000c0400000| Untracked 
| 517|0x00000000c0500000, 0x00000000c0600000, 0x00000000c0600000|100%| O|  |TAMS 0x00000000c0600000, 0x00000000c0500000| Untracked 
| 518|0x00000000c0600000, 0x00000000c0700000, 0x00000000c0700000|100%| O|  |TAMS 0x00000000c0700000, 0x00000000c0600000| Untracked 
| 519|0x00000000c0700000, 0x00000000c0800000, 0x00000000c0800000|100%| O|  |TAMS 0x00000000c0800000, 0x00000000c0700000| Untracked 
| 520|0x00000000c0800000, 0x00000000c0900000, 0x00000000c0900000|100%| O|  |TAMS 0x00000000c0900000, 0x00000000c0800000| Untracked 
| 521|0x00000000c0900000, 0x00000000c0a00000, 0x00000000c0a00000|100%| O|  |TAMS 0x00000000c0900000, 0x00000000c0900000| Untracked 
| 522|0x00000000c0a00000, 0x00000000c0b00000, 0x00000000c0b00000|100%| O|  |TAMS 0x00000000c0a00000, 0x00000000c0a00000| Untracked 
| 523|0x00000000c0b00000, 0x00000000c0c00000, 0x00000000c0c00000|100%| O|  |TAMS 0x00000000c0b00000, 0x00000000c0b00000| Untracked 
| 524|0x00000000c0c00000, 0x00000000c0d00000, 0x00000000c0d00000|100%| O|  |TAMS 0x00000000c0c00000, 0x00000000c0c00000| Untracked 
| 525|0x00000000c0d00000, 0x00000000c0e00000, 0x00000000c0e00000|100%| O|  |TAMS 0x00000000c0d00000, 0x00000000c0d00000| Untracked 
| 526|0x00000000c0e00000, 0x00000000c0f00000, 0x00000000c0f00000|100%| O|  |TAMS 0x00000000c0e00000, 0x00000000c0e00000| Untracked 
| 527|0x00000000c0f00000, 0x00000000c1000000, 0x00000000c1000000|100%| O|  |TAMS 0x00000000c0f00000, 0x00000000c0f00000| Untracked 
| 528|0x00000000c1000000, 0x00000000c1100000, 0x00000000c1100000|100%| O|  |TAMS 0x00000000c1100000, 0x00000000c1000000| Untracked 
| 529|0x00000000c1100000, 0x00000000c1200000, 0x00000000c1200000|100%| O|  |TAMS 0x00000000c1200000, 0x00000000c1100000| Untracked 
| 530|0x00000000c1200000, 0x00000000c1300000, 0x00000000c1300000|100%| O|  |TAMS 0x00000000c1300000, 0x00000000c1200000| Untracked 
| 531|0x00000000c1300000, 0x00000000c1400000, 0x00000000c1400000|100%| O|  |TAMS 0x00000000c1400000, 0x00000000c1300000| Untracked 
| 532|0x00000000c1400000, 0x00000000c1500000, 0x00000000c1500000|100%| O|  |TAMS 0x00000000c1500000, 0x00000000c1400000| Untracked 
| 533|0x00000000c1500000, 0x00000000c1600000, 0x00000000c1600000|100%| O|  |TAMS 0x00000000c1600000, 0x00000000c1500000| Untracked 
| 534|0x00000000c1600000, 0x00000000c1700000, 0x00000000c1700000|100%| O|  |TAMS 0x00000000c1700000, 0x00000000c1600000| Untracked 
| 535|0x00000000c1700000, 0x00000000c1800000, 0x00000000c1800000|100%| O|  |TAMS 0x00000000c1800000, 0x00000000c1700000| Untracked 
| 536|0x00000000c1800000, 0x00000000c1900000, 0x00000000c1900000|100%| O|  |TAMS 0x00000000c1900000, 0x00000000c1800000| Untracked 
| 537|0x00000000c1900000, 0x00000000c1a00000, 0x00000000c1a00000|100%| O|  |TAMS 0x00000000c1a00000, 0x00000000c1900000| Untracked 
| 538|0x00000000c1a00000, 0x00000000c1b00000, 0x00000000c1b00000|100%| O|  |TAMS 0x00000000c1b00000, 0x00000000c1a00000| Untracked 
| 539|0x00000000c1b00000, 0x00000000c1c00000, 0x00000000c1c00000|100%| O|  |TAMS 0x00000000c1c00000, 0x00000000c1b00000| Untracked 
| 540|0x00000000c1c00000, 0x00000000c1d00000, 0x00000000c1d00000|100%| O|  |TAMS 0x00000000c1d00000, 0x00000000c1c00000| Untracked 
| 541|0x00000000c1d00000, 0x00000000c1e00000, 0x00000000c1e00000|100%| O|  |TAMS 0x00000000c1e00000, 0x00000000c1d00000| Untracked 
| 542|0x00000000c1e00000, 0x00000000c1f00000, 0x00000000c1f00000|100%| O|  |TAMS 0x00000000c1f00000, 0x00000000c1e00000| Untracked 
| 543|0x00000000c1f00000, 0x00000000c2000000, 0x00000000c2000000|100%| O|  |TAMS 0x00000000c2000000, 0x00000000c1f00000| Untracked 
| 544|0x00000000c2000000, 0x00000000c2100000, 0x00000000c2100000|100%| O|  |TAMS 0x00000000c2100000, 0x00000000c2000000| Untracked 
| 545|0x00000000c2100000, 0x00000000c2200000, 0x00000000c2200000|100%| O|  |TAMS 0x00000000c2100000, 0x00000000c2100000| Untracked 
| 546|0x00000000c2200000, 0x00000000c2300000, 0x00000000c2300000|100%| O|  |TAMS 0x00000000c2300000, 0x00000000c2200000| Untracked 
| 547|0x00000000c2300000, 0x00000000c2400000, 0x00000000c2400000|100%| O|  |TAMS 0x00000000c2300000, 0x00000000c2300000| Untracked 
| 548|0x00000000c2400000, 0x00000000c2500000, 0x00000000c2500000|100%| O|  |TAMS 0x00000000c2400000, 0x00000000c2400000| Untracked 
| 549|0x00000000c2500000, 0x00000000c2600000, 0x00000000c2600000|100%|HS|  |TAMS 0x00000000c2600000, 0x00000000c2500000| Complete 
| 550|0x00000000c2600000, 0x00000000c2700000, 0x00000000c2700000|100%|HC|  |TAMS 0x00000000c2700000, 0x00000000c2600000| Complete 
| 551|0x00000000c2700000, 0x00000000c2800000, 0x00000000c2800000|100%|HS|  |TAMS 0x00000000c2800000, 0x00000000c2700000| Complete 
| 552|0x00000000c2800000, 0x00000000c2900000, 0x00000000c2900000|100%|HC|  |TAMS 0x00000000c2900000, 0x00000000c2800000| Complete 
| 553|0x00000000c2900000, 0x00000000c2a00000, 0x00000000c2a00000|100%|HS|  |TAMS 0x00000000c2a00000, 0x00000000c2900000| Complete 
| 554|0x00000000c2a00000, 0x00000000c2b00000, 0x00000000c2b00000|100%|HC|  |TAMS 0x00000000c2b00000, 0x00000000c2a00000| Complete 
| 555|0x00000000c2b00000, 0x00000000c2c00000, 0x00000000c2c00000|100%| O|  |TAMS 0x00000000c2b00000, 0x00000000c2b00000| Untracked 
| 556|0x00000000c2c00000, 0x00000000c2d00000, 0x00000000c2d00000|100%| O|  |TAMS 0x00000000c2c00000, 0x00000000c2c00000| Untracked 
| 557|0x00000000c2d00000, 0x00000000c2e00000, 0x00000000c2e00000|100%|HS|  |TAMS 0x00000000c2e00000, 0x00000000c2d00000| Complete 
| 558|0x00000000c2e00000, 0x00000000c2f00000, 0x00000000c2f00000|100%|HC|  |TAMS 0x00000000c2f00000, 0x00000000c2e00000| Complete 
| 559|0x00000000c2f00000, 0x00000000c3000000, 0x00000000c3000000|100%|HS|  |TAMS 0x00000000c3000000, 0x00000000c2f00000| Complete 
| 560|0x00000000c3000000, 0x00000000c3100000, 0x00000000c3100000|100%|HC|  |TAMS 0x00000000c3100000, 0x00000000c3000000| Complete 
| 561|0x00000000c3100000, 0x00000000c3200000, 0x00000000c3200000|100%|HS|  |TAMS 0x00000000c3200000, 0x00000000c3100000| Complete 
| 562|0x00000000c3200000, 0x00000000c3300000, 0x00000000c3300000|100%|HS|  |TAMS 0x00000000c3300000, 0x00000000c3200000| Complete 
| 563|0x00000000c3300000, 0x00000000c3400000, 0x00000000c3400000|100%|HS|  |TAMS 0x00000000c3400000, 0x00000000c3300000| Complete 
| 564|0x00000000c3400000, 0x00000000c3500000, 0x00000000c3500000|100%|HS|  |TAMS 0x00000000c3500000, 0x00000000c3400000| Complete 
| 565|0x00000000c3500000, 0x00000000c3600000, 0x00000000c3600000|100%|HS|  |TAMS 0x00000000c3600000, 0x00000000c3500000| Complete 
| 566|0x00000000c3600000, 0x00000000c3700000, 0x00000000c3700000|100%|HS|  |TAMS 0x00000000c3700000, 0x00000000c3600000| Complete 
| 567|0x00000000c3700000, 0x00000000c3800000, 0x00000000c3800000|100%|HC|  |TAMS 0x00000000c3800000, 0x00000000c3700000| Complete 
| 568|0x00000000c3800000, 0x00000000c3900000, 0x00000000c3900000|100%|HS|  |TAMS 0x00000000c3900000, 0x00000000c3800000| Complete 
| 569|0x00000000c3900000, 0x00000000c3a00000, 0x00000000c3a00000|100%|HS|  |TAMS 0x00000000c3a00000, 0x00000000c3900000| Complete 
| 570|0x00000000c3a00000, 0x00000000c3b00000, 0x00000000c3b00000|100%|HS|  |TAMS 0x00000000c3b00000, 0x00000000c3a00000| Complete 
| 571|0x00000000c3b00000, 0x00000000c3c00000, 0x00000000c3c00000|100%|HS|  |TAMS 0x00000000c3c00000, 0x00000000c3b00000| Complete 
| 572|0x00000000c3c00000, 0x00000000c3d00000, 0x00000000c3d00000|100%|HS|  |TAMS 0x00000000c3d00000, 0x00000000c3c00000| Complete 
| 573|0x00000000c3d00000, 0x00000000c3e00000, 0x00000000c3e00000|100%| O|  |TAMS 0x00000000c3e00000, 0x00000000c3d00000| Untracked 
| 574|0x00000000c3e00000, 0x00000000c3f00000, 0x00000000c3f00000|100%| O|  |TAMS 0x00000000c3f00000, 0x00000000c3e00000| Untracked 
| 575|0x00000000c3f00000, 0x00000000c4000000, 0x00000000c4000000|100%| O|  |TAMS 0x00000000c4000000, 0x00000000c3f00000| Untracked 
| 576|0x00000000c4000000, 0x00000000c4100000, 0x00000000c4100000|100%| O|  |TAMS 0x00000000c4100000, 0x00000000c4000000| Untracked 
| 577|0x00000000c4100000, 0x00000000c4200000, 0x00000000c4200000|100%| O|  |TAMS 0x00000000c4200000, 0x00000000c4100000| Untracked 
| 578|0x00000000c4200000, 0x00000000c4300000, 0x00000000c4300000|100%| O|  |TAMS 0x00000000c4300000, 0x00000000c4200000| Untracked 
| 579|0x00000000c4300000, 0x00000000c4400000, 0x00000000c4400000|100%| O|  |TAMS 0x00000000c4400000, 0x00000000c4300000| Untracked 
| 580|0x00000000c4400000, 0x00000000c4500000, 0x00000000c4500000|100%| O|  |TAMS 0x00000000c4500000, 0x00000000c4400000| Untracked 
| 581|0x00000000c4500000, 0x00000000c4600000, 0x00000000c4600000|100%| O|  |TAMS 0x00000000c4600000, 0x00000000c4500000| Untracked 
| 582|0x00000000c4600000, 0x00000000c4700000, 0x00000000c4700000|100%| O|  |TAMS 0x00000000c4700000, 0x00000000c4600000| Untracked 
| 583|0x00000000c4700000, 0x00000000c4800000, 0x00000000c4800000|100%| O|  |TAMS 0x00000000c4800000, 0x00000000c4700000| Untracked 
| 584|0x00000000c4800000, 0x00000000c4900000, 0x00000000c4900000|100%| O|  |TAMS 0x00000000c4900000, 0x00000000c4800000| Untracked 
| 585|0x00000000c4900000, 0x00000000c4a00000, 0x00000000c4a00000|100%| O|  |TAMS 0x00000000c4a00000, 0x00000000c4900000| Untracked 
| 586|0x00000000c4a00000, 0x00000000c4b00000, 0x00000000c4b00000|100%| O|  |TAMS 0x00000000c4b00000, 0x00000000c4a00000| Untracked 
| 587|0x00000000c4b00000, 0x00000000c4c00000, 0x00000000c4c00000|100%| O|  |TAMS 0x00000000c4c00000, 0x00000000c4b00000| Untracked 
| 588|0x00000000c4c00000, 0x00000000c4d00000, 0x00000000c4d00000|100%| O|  |TAMS 0x00000000c4d00000, 0x00000000c4c00000| Untracked 
| 589|0x00000000c4d00000, 0x00000000c4e00000, 0x00000000c4e00000|100%| O|  |TAMS 0x00000000c4e00000, 0x00000000c4d00000| Untracked 
| 590|0x00000000c4e00000, 0x00000000c4f00000, 0x00000000c4f00000|100%| O|  |TAMS 0x00000000c4e00000, 0x00000000c4e00000| Untracked 
| 591|0x00000000c4f00000, 0x00000000c5000000, 0x00000000c5000000|100%| O|  |TAMS 0x00000000c4f00000, 0x00000000c4f00000| Untracked 
| 592|0x00000000c5000000, 0x00000000c5100000, 0x00000000c5100000|100%| O|  |TAMS 0x00000000c5000000, 0x00000000c5000000| Untracked 
| 593|0x00000000c5100000, 0x00000000c5200000, 0x00000000c5200000|100%|HS|  |TAMS 0x00000000c5200000, 0x00000000c5100000| Complete 
| 594|0x00000000c5200000, 0x00000000c5300000, 0x00000000c5300000|100%|HC|  |TAMS 0x00000000c5300000, 0x00000000c5200000| Complete 
| 595|0x00000000c5300000, 0x00000000c5400000, 0x00000000c5400000|100%|HS|  |TAMS 0x00000000c5400000, 0x00000000c5300000| Complete 
| 596|0x00000000c5400000, 0x00000000c5500000, 0x00000000c5500000|100%|HS|  |TAMS 0x00000000c5500000, 0x00000000c5400000| Complete 
| 597|0x00000000c5500000, 0x00000000c5600000, 0x00000000c5600000|100%|HC|  |TAMS 0x00000000c5600000, 0x00000000c5500000| Complete 
| 598|0x00000000c5600000, 0x00000000c5700000, 0x00000000c5700000|100%|HS|  |TAMS 0x00000000c5700000, 0x00000000c5600000| Complete 
| 599|0x00000000c5700000, 0x00000000c5800000, 0x00000000c5800000|100%|HS|  |TAMS 0x00000000c5800000, 0x00000000c5700000| Complete 
| 600|0x00000000c5800000, 0x00000000c5900000, 0x00000000c5900000|100%|HS|  |TAMS 0x00000000c5900000, 0x00000000c5800000| Complete 
| 601|0x00000000c5900000, 0x00000000c5a00000, 0x00000000c5a00000|100%|HS|  |TAMS 0x00000000c5a00000, 0x00000000c5900000| Complete 
| 602|0x00000000c5a00000, 0x00000000c5b00000, 0x00000000c5b00000|100%|HC|  |TAMS 0x00000000c5b00000, 0x00000000c5a00000| Complete 
| 603|0x00000000c5b00000, 0x00000000c5c00000, 0x00000000c5c00000|100%|HS|  |TAMS 0x00000000c5c00000, 0x00000000c5b00000| Complete 
| 604|0x00000000c5c00000, 0x00000000c5d00000, 0x00000000c5d00000|100%|HS|  |TAMS 0x00000000c5d00000, 0x00000000c5c00000| Complete 
| 605|0x00000000c5d00000, 0x00000000c5e00000, 0x00000000c5e00000|100%|HS|  |TAMS 0x00000000c5e00000, 0x00000000c5d00000| Complete 
| 606|0x00000000c5e00000, 0x00000000c5f00000, 0x00000000c5f00000|100%|HC|  |TAMS 0x00000000c5f00000, 0x00000000c5e00000| Complete 
| 607|0x00000000c5f00000, 0x00000000c6000000, 0x00000000c6000000|100%|HS|  |TAMS 0x00000000c6000000, 0x00000000c5f00000| Complete 
| 608|0x00000000c6000000, 0x00000000c6100000, 0x00000000c6100000|100%|HS|  |TAMS 0x00000000c6100000, 0x00000000c6000000| Complete 
| 609|0x00000000c6100000, 0x00000000c6200000, 0x00000000c6200000|100%|HS|  |TAMS 0x00000000c6200000, 0x00000000c6100000| Complete 
| 610|0x00000000c6200000, 0x00000000c6300000, 0x00000000c6300000|100%|HC|  |TAMS 0x00000000c6300000, 0x00000000c6200000| Complete 
| 611|0x00000000c6300000, 0x00000000c6400000, 0x00000000c6400000|100%|HS|  |TAMS 0x00000000c6400000, 0x00000000c6300000| Complete 
| 612|0x00000000c6400000, 0x00000000c6500000, 0x00000000c6500000|100%| O|  |TAMS 0x00000000c6400000, 0x00000000c6400000| Untracked 
| 613|0x00000000c6500000, 0x00000000c6600000, 0x00000000c6600000|100%| O|  |TAMS 0x00000000c6500000, 0x00000000c6500000| Untracked 
| 614|0x00000000c6600000, 0x00000000c6700000, 0x00000000c6700000|100%| O|  |TAMS 0x00000000c6700000, 0x00000000c6600000| Untracked 
| 615|0x00000000c6700000, 0x00000000c6800000, 0x00000000c6800000|100%| O|  |TAMS 0x00000000c6790200, 0x00000000c6700000| Untracked 
| 616|0x00000000c6800000, 0x00000000c6900000, 0x00000000c6900000|100%|HS|  |TAMS 0x00000000c6900000, 0x00000000c6800000| Complete 
| 617|0x00000000c6900000, 0x00000000c6a00000, 0x00000000c6a00000|100%|HS|  |TAMS 0x00000000c6900000, 0x00000000c6900000| Complete 
| 618|0x00000000c6a00000, 0x00000000c6b00000, 0x00000000c6b00000|100%|HS|  |TAMS 0x00000000c6b00000, 0x00000000c6a00000| Complete 
| 619|0x00000000c6b00000, 0x00000000c6c00000, 0x00000000c6c00000|100%|HS|  |TAMS 0x00000000c6b00000, 0x00000000c6b00000| Complete 
| 620|0x00000000c6c00000, 0x00000000c6d00000, 0x00000000c6d00000|100%| O|  |TAMS 0x00000000c6c00000, 0x00000000c6c00000| Untracked 
| 621|0x00000000c6d00000, 0x00000000c6e00000, 0x00000000c6e00000|100%|HS|  |TAMS 0x00000000c6e00000, 0x00000000c6d00000| Complete 
| 622|0x00000000c6e00000, 0x00000000c6f00000, 0x00000000c6f00000|100%|HS|  |TAMS 0x00000000c6f00000, 0x00000000c6e00000| Complete 
| 623|0x00000000c6f00000, 0x00000000c7000000, 0x00000000c7000000|100%|HS|  |TAMS 0x00000000c7000000, 0x00000000c6f00000| Complete 
| 624|0x00000000c7000000, 0x00000000c7100000, 0x00000000c7100000|100%| O|  |TAMS 0x00000000c7000000, 0x00000000c7000000| Untracked 
| 625|0x00000000c7100000, 0x00000000c7200000, 0x00000000c7200000|100%| O|  |TAMS 0x00000000c7100000, 0x00000000c7100000| Untracked 
| 626|0x00000000c7200000, 0x00000000c7300000, 0x00000000c7300000|100%| O|  |TAMS 0x00000000c7200000, 0x00000000c7200000| Untracked 
| 627|0x00000000c7300000, 0x00000000c7400000, 0x00000000c7400000|100%| O|  |TAMS 0x00000000c7300000, 0x00000000c7300000| Untracked 
| 628|0x00000000c7400000, 0x00000000c7500000, 0x00000000c7500000|100%| O|  |TAMS 0x00000000c7400000, 0x00000000c7400000| Untracked 
| 629|0x00000000c7500000, 0x00000000c7600000, 0x00000000c7600000|100%|HS|  |TAMS 0x00000000c7600000, 0x00000000c7500000| Complete 
| 630|0x00000000c7600000, 0x00000000c7700000, 0x00000000c7700000|100%|HS|  |TAMS 0x00000000c7700000, 0x00000000c7600000| Complete 
| 631|0x00000000c7700000, 0x00000000c7800000, 0x00000000c7800000|100%|HS|  |TAMS 0x00000000c7800000, 0x00000000c7700000| Complete 
| 632|0x00000000c7800000, 0x00000000c7900000, 0x00000000c7900000|100%|HC|  |TAMS 0x00000000c7900000, 0x00000000c7800000| Complete 
| 633|0x00000000c7900000, 0x00000000c7a00000, 0x00000000c7a00000|100%|HS|  |TAMS 0x00000000c7a00000, 0x00000000c7900000| Complete 
| 634|0x00000000c7a00000, 0x00000000c7b00000, 0x00000000c7b00000|100%|HS|  |TAMS 0x00000000c7b00000, 0x00000000c7a00000| Complete 
| 635|0x00000000c7b00000, 0x00000000c7c00000, 0x00000000c7c00000|100%| O|  |TAMS 0x00000000c7b00000, 0x00000000c7b00000| Untracked 
| 636|0x00000000c7c00000, 0x00000000c7d00000, 0x00000000c7d00000|100%| O|  |TAMS 0x00000000c7c00000, 0x00000000c7c00000| Untracked 
| 637|0x00000000c7d00000, 0x00000000c7e00000, 0x00000000c7e00000|100%| O|  |TAMS 0x00000000c7d00000, 0x00000000c7d00000| Untracked 
| 638|0x00000000c7e00000, 0x00000000c7f00000, 0x00000000c7f00000|100%| O|  |TAMS 0x00000000c7e00000, 0x00000000c7e00000| Untracked 
| 639|0x00000000c7f00000, 0x00000000c8000000, 0x00000000c8000000|100%| O|  |TAMS 0x00000000c7f00000, 0x00000000c7f00000| Untracked 
| 640|0x00000000c8000000, 0x00000000c8100000, 0x00000000c8100000|100%| O|  |TAMS 0x00000000c8000000, 0x00000000c8000000| Untracked 
| 641|0x00000000c8100000, 0x00000000c8200000, 0x00000000c8200000|100%| O|  |TAMS 0x00000000c8100000, 0x00000000c8100000| Untracked 
| 642|0x00000000c8200000, 0x00000000c8300000, 0x00000000c8300000|100%| O|  |TAMS 0x00000000c8200000, 0x00000000c8200000| Untracked 
| 643|0x00000000c8300000, 0x00000000c8400000, 0x00000000c8400000|100%| O|  |TAMS 0x00000000c8300000, 0x00000000c8300000| Untracked 
| 644|0x00000000c8400000, 0x00000000c8500000, 0x00000000c8500000|100%| O|  |TAMS 0x00000000c8400000, 0x00000000c8400000| Untracked 
| 645|0x00000000c8500000, 0x00000000c8600000, 0x00000000c8600000|100%| O|  |TAMS 0x00000000c8500000, 0x00000000c8500000| Untracked 
| 646|0x00000000c8600000, 0x00000000c8700000, 0x00000000c8700000|100%| O|  |TAMS 0x00000000c8600000, 0x00000000c8600000| Untracked 
| 647|0x00000000c8700000, 0x00000000c8800000, 0x00000000c8800000|100%| O|  |TAMS 0x00000000c8700000, 0x00000000c8700000| Untracked 
| 648|0x00000000c8800000, 0x00000000c8900000, 0x00000000c8900000|100%| O|  |TAMS 0x00000000c8800000, 0x00000000c8800000| Untracked 
| 649|0x00000000c8900000, 0x00000000c8a00000, 0x00000000c8a00000|100%| O|  |TAMS 0x00000000c8900000, 0x00000000c8900000| Untracked 
| 650|0x00000000c8a00000, 0x00000000c8b00000, 0x00000000c8b00000|100%| O|  |TAMS 0x00000000c8a00000, 0x00000000c8a00000| Untracked 
| 651|0x00000000c8b00000, 0x00000000c8c00000, 0x00000000c8c00000|100%| O|  |TAMS 0x00000000c8b00000, 0x00000000c8b00000| Untracked 
| 652|0x00000000c8c00000, 0x00000000c8d00000, 0x00000000c8d00000|100%| O|  |TAMS 0x00000000c8c00000, 0x00000000c8c00000| Untracked 
| 653|0x00000000c8d00000, 0x00000000c8e00000, 0x00000000c8e00000|100%|HS|  |TAMS 0x00000000c8d00000, 0x00000000c8d00000| Complete 
| 654|0x00000000c8e00000, 0x00000000c8f00000, 0x00000000c8f00000|100%|HC|  |TAMS 0x00000000c8e00000, 0x00000000c8e00000| Complete 
| 655|0x00000000c8f00000, 0x00000000c9000000, 0x00000000c9000000|100%|HS|  |TAMS 0x00000000c8f00000, 0x00000000c8f00000| Complete 
| 656|0x00000000c9000000, 0x00000000c9100000, 0x00000000c9100000|100%|HS|  |TAMS 0x00000000c9000000, 0x00000000c9000000| Complete 
| 657|0x00000000c9100000, 0x00000000c9200000, 0x00000000c9200000|100%|HC|  |TAMS 0x00000000c9100000, 0x00000000c9100000| Complete 
| 658|0x00000000c9200000, 0x00000000c9300000, 0x00000000c9300000|100%| O|  |TAMS 0x00000000c9200000, 0x00000000c9200000| Untracked 
| 659|0x00000000c9300000, 0x00000000c9400000, 0x00000000c9400000|100%|HS|  |TAMS 0x00000000c9300000, 0x00000000c9300000| Complete 
| 660|0x00000000c9400000, 0x00000000c9500000, 0x00000000c9500000|100%|HS|  |TAMS 0x00000000c9400000, 0x00000000c9400000| Complete 
| 661|0x00000000c9500000, 0x00000000c9600000, 0x00000000c9600000|100%|HS|  |TAMS 0x00000000c9500000, 0x00000000c9500000| Complete 
| 662|0x00000000c9600000, 0x00000000c9700000, 0x00000000c9700000|100%|HC|  |TAMS 0x00000000c9600000, 0x00000000c9600000| Complete 
| 663|0x00000000c9700000, 0x00000000c9800000, 0x00000000c9800000|100%| O|  |TAMS 0x00000000c9700000, 0x00000000c9700000| Untracked 
| 664|0x00000000c9800000, 0x00000000c9900000, 0x00000000c9900000|100%|HS|  |TAMS 0x00000000c9800000, 0x00000000c9800000| Complete 
| 665|0x00000000c9900000, 0x00000000c9a00000, 0x00000000c9a00000|100%|HS|  |TAMS 0x00000000c9900000, 0x00000000c9900000| Complete 
| 666|0x00000000c9a00000, 0x00000000c9b00000, 0x00000000c9b00000|100%|HS|  |TAMS 0x00000000c9a00000, 0x00000000c9a00000| Complete 
| 667|0x00000000c9b00000, 0x00000000c9c00000, 0x00000000c9c00000|100%|HC|  |TAMS 0x00000000c9b00000, 0x00000000c9b00000| Complete 
| 668|0x00000000c9c00000, 0x00000000c9d00000, 0x00000000c9d00000|100%| O|  |TAMS 0x00000000c9c00000, 0x00000000c9c00000| Untracked 
| 669|0x00000000c9d00000, 0x00000000c9e00000, 0x00000000c9e00000|100%|HS|  |TAMS 0x00000000c9d00000, 0x00000000c9d00000| Complete 
| 670|0x00000000c9e00000, 0x00000000c9f00000, 0x00000000c9f00000|100%|HS|  |TAMS 0x00000000c9e00000, 0x00000000c9e00000| Complete 
| 671|0x00000000c9f00000, 0x00000000ca000000, 0x00000000ca000000|100%|HS|  |TAMS 0x00000000c9f00000, 0x00000000c9f00000| Complete 
| 672|0x00000000ca000000, 0x00000000ca100000, 0x00000000ca100000|100%|HC|  |TAMS 0x00000000ca000000, 0x00000000ca000000| Complete 
| 673|0x00000000ca100000, 0x00000000ca200000, 0x00000000ca200000|100%|HS|  |TAMS 0x00000000ca100000, 0x00000000ca100000| Complete 
| 674|0x00000000ca200000, 0x00000000ca300000, 0x00000000ca300000|100%|HS|  |TAMS 0x00000000ca200000, 0x00000000ca200000| Complete 
| 675|0x00000000ca300000, 0x00000000ca400000, 0x00000000ca400000|100%| O|  |TAMS 0x00000000ca300000, 0x00000000ca300000| Untracked 
| 676|0x00000000ca400000, 0x00000000ca500000, 0x00000000ca500000|100%| O|  |TAMS 0x00000000ca400000, 0x00000000ca400000| Untracked 
| 677|0x00000000ca500000, 0x00000000ca600000, 0x00000000ca600000|100%| O|  |TAMS 0x00000000ca500000, 0x00000000ca500000| Untracked 
| 678|0x00000000ca600000, 0x00000000ca700000, 0x00000000ca700000|100%| O|  |TAMS 0x00000000ca600000, 0x00000000ca600000| Untracked 
| 679|0x00000000ca700000, 0x00000000ca800000, 0x00000000ca800000|100%| O|  |TAMS 0x00000000ca700000, 0x00000000ca700000| Untracked 
| 680|0x00000000ca800000, 0x00000000ca900000, 0x00000000ca900000|100%| O|  |TAMS 0x00000000ca800000, 0x00000000ca800000| Untracked 
| 681|0x00000000ca900000, 0x00000000caa00000, 0x00000000caa00000|100%| O|  |TAMS 0x00000000ca900000, 0x00000000ca900000| Untracked 
| 682|0x00000000caa00000, 0x00000000cab00000, 0x00000000cab00000|100%| O|  |TAMS 0x00000000caa00000, 0x00000000caa00000| Untracked 
| 683|0x00000000cab00000, 0x00000000cac00000, 0x00000000cac00000|100%| O|  |TAMS 0x00000000cab00000, 0x00000000cab00000| Untracked 
| 684|0x00000000cac00000, 0x00000000cad00000, 0x00000000cad00000|100%| O|  |TAMS 0x00000000cac00000, 0x00000000cac00000| Untracked 
| 685|0x00000000cad00000, 0x00000000cae00000, 0x00000000cae00000|100%| O|  |TAMS 0x00000000cad00000, 0x00000000cad00000| Untracked 
| 686|0x00000000cae00000, 0x00000000caf00000, 0x00000000caf00000|100%| O|  |TAMS 0x00000000cae00000, 0x00000000cae00000| Untracked 
| 687|0x00000000caf00000, 0x00000000cb000000, 0x00000000cb000000|100%| O|  |TAMS 0x00000000caf00000, 0x00000000caf00000| Untracked 
| 688|0x00000000cb000000, 0x00000000cb100000, 0x00000000cb100000|100%| O|  |TAMS 0x00000000cb000000, 0x00000000cb000000| Untracked 
| 689|0x00000000cb100000, 0x00000000cb200000, 0x00000000cb200000|100%| O|  |TAMS 0x00000000cb100000, 0x00000000cb100000| Untracked 
| 690|0x00000000cb200000, 0x00000000cb300000, 0x00000000cb300000|100%| O|  |TAMS 0x00000000cb200000, 0x00000000cb200000| Untracked 
| 691|0x00000000cb300000, 0x00000000cb400000, 0x00000000cb400000|100%| O|  |TAMS 0x00000000cb300000, 0x00000000cb300000| Untracked 
| 692|0x00000000cb400000, 0x00000000cb500000, 0x00000000cb500000|100%| O|  |TAMS 0x00000000cb400000, 0x00000000cb400000| Untracked 
| 693|0x00000000cb500000, 0x00000000cb600000, 0x00000000cb600000|100%| O|  |TAMS 0x00000000cb500000, 0x00000000cb500000| Untracked 
| 694|0x00000000cb600000, 0x00000000cb700000, 0x00000000cb700000|100%| O|  |TAMS 0x00000000cb600000, 0x00000000cb600000| Untracked 
| 695|0x00000000cb700000, 0x00000000cb800000, 0x00000000cb800000|100%| O|  |TAMS 0x00000000cb700000, 0x00000000cb700000| Untracked 
| 696|0x00000000cb800000, 0x00000000cb900000, 0x00000000cb900000|100%| O|  |TAMS 0x00000000cb800000, 0x00000000cb800000| Untracked 
| 697|0x00000000cb900000, 0x00000000cba00000, 0x00000000cba00000|100%| O|  |TAMS 0x00000000cb900000, 0x00000000cb900000| Untracked 
| 698|0x00000000cba00000, 0x00000000cbb00000, 0x00000000cbb00000|100%| O|  |TAMS 0x00000000cba00000, 0x00000000cba00000| Untracked 
| 699|0x00000000cbb00000, 0x00000000cbc00000, 0x00000000cbc00000|100%| O|  |TAMS 0x00000000cbb00000, 0x00000000cbb00000| Untracked 
| 700|0x00000000cbc00000, 0x00000000cbd00000, 0x00000000cbd00000|100%| O|  |TAMS 0x00000000cbc00000, 0x00000000cbc00000| Untracked 
| 701|0x00000000cbd00000, 0x00000000cbe00000, 0x00000000cbe00000|100%|HS|  |TAMS 0x00000000cbd00000, 0x00000000cbd00000| Complete 
| 702|0x00000000cbe00000, 0x00000000cbf00000, 0x00000000cbf00000|100%|HC|  |TAMS 0x00000000cbe00000, 0x00000000cbe00000| Complete 
| 703|0x00000000cbf00000, 0x00000000cc000000, 0x00000000cc000000|100%|HC|  |TAMS 0x00000000cbf00000, 0x00000000cbf00000| Complete 
| 704|0x00000000cc000000, 0x00000000cc100000, 0x00000000cc100000|100%|HC|  |TAMS 0x00000000cc000000, 0x00000000cc000000| Complete 
| 705|0x00000000cc100000, 0x00000000cc200000, 0x00000000cc200000|100%|HC|  |TAMS 0x00000000cc100000, 0x00000000cc100000| Complete 
| 706|0x00000000cc200000, 0x00000000cc300000, 0x00000000cc300000|100%|HC|  |TAMS 0x00000000cc200000, 0x00000000cc200000| Complete 
| 707|0x00000000cc300000, 0x00000000cc400000, 0x00000000cc400000|100%|HC|  |TAMS 0x00000000cc300000, 0x00000000cc300000| Complete 
| 708|0x00000000cc400000, 0x00000000cc500000, 0x00000000cc500000|100%|HC|  |TAMS 0x00000000cc400000, 0x00000000cc400000| Complete 
| 709|0x00000000cc500000, 0x00000000cc600000, 0x00000000cc600000|100%|HC|  |TAMS 0x00000000cc500000, 0x00000000cc500000| Complete 
| 710|0x00000000cc600000, 0x00000000cc700000, 0x00000000cc700000|100%|HC|  |TAMS 0x00000000cc600000, 0x00000000cc600000| Complete 
| 711|0x00000000cc700000, 0x00000000cc800000, 0x00000000cc800000|100%|HC|  |TAMS 0x00000000cc700000, 0x00000000cc700000| Complete 
| 712|0x00000000cc800000, 0x00000000cc900000, 0x00000000cc900000|100%|HS|  |TAMS 0x00000000cc800000, 0x00000000cc800000| Complete 
| 713|0x00000000cc900000, 0x00000000cca00000, 0x00000000cca00000|100%|HC|  |TAMS 0x00000000cc900000, 0x00000000cc900000| Complete 
| 714|0x00000000cca00000, 0x00000000ccb00000, 0x00000000ccb00000|100%|HC|  |TAMS 0x00000000cca00000, 0x00000000cca00000| Complete 
| 715|0x00000000ccb00000, 0x00000000ccc00000, 0x00000000ccc00000|100%|HC|  |TAMS 0x00000000ccb00000, 0x00000000ccb00000| Complete 
| 716|0x00000000ccc00000, 0x00000000ccd00000, 0x00000000ccd00000|100%|HC|  |TAMS 0x00000000ccc00000, 0x00000000ccc00000| Complete 
| 717|0x00000000ccd00000, 0x00000000cce00000, 0x00000000cce00000|100%|HC|  |TAMS 0x00000000ccd00000, 0x00000000ccd00000| Complete 
| 718|0x00000000cce00000, 0x00000000ccf00000, 0x00000000ccf00000|100%|HC|  |TAMS 0x00000000cce00000, 0x00000000cce00000| Complete 
| 719|0x00000000ccf00000, 0x00000000cd000000, 0x00000000cd000000|100%|HC|  |TAMS 0x00000000ccf00000, 0x00000000ccf00000| Complete 
| 720|0x00000000cd000000, 0x00000000cd100000, 0x00000000cd100000|100%|HC|  |TAMS 0x00000000cd000000, 0x00000000cd000000| Complete 
| 721|0x00000000cd100000, 0x00000000cd200000, 0x00000000cd200000|100%|HC|  |TAMS 0x00000000cd100000, 0x00000000cd100000| Complete 
| 722|0x00000000cd200000, 0x00000000cd300000, 0x00000000cd300000|100%| O|  |TAMS 0x00000000cd200000, 0x00000000cd200000| Untracked 
| 723|0x00000000cd300000, 0x00000000cd400000, 0x00000000cd400000|100%| O|  |TAMS 0x00000000cd300000, 0x00000000cd300000| Untracked 
| 724|0x00000000cd400000, 0x00000000cd500000, 0x00000000cd500000|100%| O|  |TAMS 0x00000000cd400000, 0x00000000cd400000| Untracked 
| 725|0x00000000cd500000, 0x00000000cd600000, 0x00000000cd600000|100%| O|  |TAMS 0x00000000cd500000, 0x00000000cd500000| Untracked 
| 726|0x00000000cd600000, 0x00000000cd700000, 0x00000000cd700000|100%| O|  |TAMS 0x00000000cd600000, 0x00000000cd600000| Untracked 
| 727|0x00000000cd700000, 0x00000000cd800000, 0x00000000cd800000|100%| O|  |TAMS 0x00000000cd700000, 0x00000000cd700000| Untracked 
| 728|0x00000000cd800000, 0x00000000cd900000, 0x00000000cd900000|100%| O|  |TAMS 0x00000000cd800000, 0x00000000cd800000| Untracked 
| 729|0x00000000cd900000, 0x00000000cda00000, 0x00000000cda00000|100%| O|  |TAMS 0x00000000cd900000, 0x00000000cd900000| Untracked 
| 730|0x00000000cda00000, 0x00000000cdb00000, 0x00000000cdb00000|100%| O|  |TAMS 0x00000000cda00000, 0x00000000cda00000| Untracked 
| 731|0x00000000cdb00000, 0x00000000cdc00000, 0x00000000cdc00000|100%| O|  |TAMS 0x00000000cdb00000, 0x00000000cdb00000| Untracked 
| 732|0x00000000cdc00000, 0x00000000cdd00000, 0x00000000cdd00000|100%| O|  |TAMS 0x00000000cdc00000, 0x00000000cdc00000| Untracked 
| 733|0x00000000cdd00000, 0x00000000cde00000, 0x00000000cde00000|100%| O|  |TAMS 0x00000000cdd00000, 0x00000000cdd00000| Untracked 
| 734|0x00000000cde00000, 0x00000000cdf00000, 0x00000000cdf00000|100%| O|  |TAMS 0x00000000cde00000, 0x00000000cde00000| Untracked 
| 735|0x00000000cdf00000, 0x00000000ce000000, 0x00000000ce000000|100%| O|  |TAMS 0x00000000cdf00000, 0x00000000cdf00000| Untracked 
| 736|0x00000000ce000000, 0x00000000ce100000, 0x00000000ce100000|100%| O|  |TAMS 0x00000000ce000000, 0x00000000ce000000| Untracked 
| 737|0x00000000ce100000, 0x00000000ce200000, 0x00000000ce200000|100%| O|  |TAMS 0x00000000ce100000, 0x00000000ce100000| Untracked 
| 738|0x00000000ce200000, 0x00000000ce300000, 0x00000000ce300000|100%|HS|  |TAMS 0x00000000ce200000, 0x00000000ce200000| Complete 
| 739|0x00000000ce300000, 0x00000000ce400000, 0x00000000ce400000|100%| O|  |TAMS 0x00000000ce300000, 0x00000000ce300000| Untracked 
| 740|0x00000000ce400000, 0x00000000ce500000, 0x00000000ce500000|100%| O|  |TAMS 0x00000000ce400000, 0x00000000ce400000| Untracked 
| 741|0x00000000ce500000, 0x00000000ce600000, 0x00000000ce600000|100%| O|  |TAMS 0x00000000ce500000, 0x00000000ce500000| Untracked 
| 742|0x00000000ce600000, 0x00000000ce700000, 0x00000000ce700000|100%| O|  |TAMS 0x00000000ce600000, 0x00000000ce600000| Untracked 
| 743|0x00000000ce700000, 0x00000000ce800000, 0x00000000ce800000|100%| O|  |TAMS 0x00000000ce700000, 0x00000000ce700000| Untracked 
| 744|0x00000000ce800000, 0x00000000ce900000, 0x00000000ce900000|100%| O|  |TAMS 0x00000000ce800000, 0x00000000ce800000| Untracked 
| 745|0x00000000ce900000, 0x00000000cea00000, 0x00000000cea00000|100%| O|  |TAMS 0x00000000ce900000, 0x00000000ce900000| Untracked 
| 746|0x00000000cea00000, 0x00000000ceb00000, 0x00000000ceb00000|100%| O|  |TAMS 0x00000000cea00000, 0x00000000cea00000| Untracked 
| 747|0x00000000ceb00000, 0x00000000cec00000, 0x00000000cec00000|100%| O|  |TAMS 0x00000000ceb00000, 0x00000000ceb00000| Untracked 
| 748|0x00000000cec00000, 0x00000000ced00000, 0x00000000ced00000|100%| O|  |TAMS 0x00000000cec00000, 0x00000000cec00000| Untracked 
| 749|0x00000000ced00000, 0x00000000cee00000, 0x00000000cee00000|100%| O|  |TAMS 0x00000000ced00000, 0x00000000ced00000| Untracked 
| 750|0x00000000cee00000, 0x00000000cef00000, 0x00000000cef00000|100%| O|  |TAMS 0x00000000cee00000, 0x00000000cee00000| Untracked 
| 751|0x00000000cef00000, 0x00000000cf000000, 0x00000000cf000000|100%| O|  |TAMS 0x00000000cef00000, 0x00000000cef00000| Untracked 
| 752|0x00000000cf000000, 0x00000000cf100000, 0x00000000cf100000|100%| O|  |TAMS 0x00000000cf000000, 0x00000000cf000000| Untracked 
| 753|0x00000000cf100000, 0x00000000cf200000, 0x00000000cf200000|100%| O|  |TAMS 0x00000000cf100000, 0x00000000cf100000| Untracked 
| 754|0x00000000cf200000, 0x00000000cf300000, 0x00000000cf300000|100%| O|  |TAMS 0x00000000cf200000, 0x00000000cf200000| Untracked 
| 755|0x00000000cf300000, 0x00000000cf400000, 0x00000000cf400000|100%| O|  |TAMS 0x00000000cf300000, 0x00000000cf300000| Untracked 
| 756|0x00000000cf400000, 0x00000000cf500000, 0x00000000cf500000|100%| O|  |TAMS 0x00000000cf400000, 0x00000000cf400000| Untracked 
| 757|0x00000000cf500000, 0x00000000cf600000, 0x00000000cf600000|100%| O|  |TAMS 0x00000000cf500000, 0x00000000cf500000| Untracked 
| 758|0x00000000cf600000, 0x00000000cf700000, 0x00000000cf700000|100%| O|  |TAMS 0x00000000cf600000, 0x00000000cf600000| Untracked 
| 759|0x00000000cf700000, 0x00000000cf800000, 0x00000000cf800000|100%| O|  |TAMS 0x00000000cf700000, 0x00000000cf700000| Untracked 
| 760|0x00000000cf800000, 0x00000000cf900000, 0x00000000cf900000|100%| O|  |TAMS 0x00000000cf800000, 0x00000000cf800000| Untracked 
| 761|0x00000000cf900000, 0x00000000cfa00000, 0x00000000cfa00000|100%| O|  |TAMS 0x00000000cf900000, 0x00000000cf900000| Untracked 
| 762|0x00000000cfa00000, 0x00000000cfb00000, 0x00000000cfb00000|100%| O|  |TAMS 0x00000000cfa00000, 0x00000000cfa00000| Untracked 
| 763|0x00000000cfb00000, 0x00000000cfc00000, 0x00000000cfc00000|100%| O|  |TAMS 0x00000000cfb00000, 0x00000000cfb00000| Untracked 
| 764|0x00000000cfc00000, 0x00000000cfd00000, 0x00000000cfd00000|100%| O|  |TAMS 0x00000000cfc00000, 0x00000000cfc00000| Untracked 
| 765|0x00000000cfd00000, 0x00000000cfe00000, 0x00000000cfe00000|100%| O|  |TAMS 0x00000000cfd00000, 0x00000000cfd00000| Untracked 
| 766|0x00000000cfe00000, 0x00000000cff00000, 0x00000000cff00000|100%| O|  |TAMS 0x00000000cfe00000, 0x00000000cfe00000| Untracked 
| 767|0x00000000cff00000, 0x00000000d0000000, 0x00000000d0000000|100%| O|  |TAMS 0x00000000cff00000, 0x00000000cff00000| Untracked 
| 768|0x00000000d0000000, 0x00000000d0100000, 0x00000000d0100000|100%| O|  |TAMS 0x00000000d0000000, 0x00000000d0000000| Untracked 
| 769|0x00000000d0100000, 0x00000000d0200000, 0x00000000d0200000|100%| O|  |TAMS 0x00000000d0100000, 0x00000000d0100000| Untracked 
| 770|0x00000000d0200000, 0x00000000d0300000, 0x00000000d0300000|100%| O|  |TAMS 0x00000000d0200000, 0x00000000d0200000| Untracked 
| 771|0x00000000d0300000, 0x00000000d0400000, 0x00000000d0400000|100%| O|  |TAMS 0x00000000d0300000, 0x00000000d0300000| Untracked 
| 772|0x00000000d0400000, 0x00000000d0500000, 0x00000000d0500000|100%| O|  |TAMS 0x00000000d0400000, 0x00000000d0400000| Untracked 
| 773|0x00000000d0500000, 0x00000000d0600000, 0x00000000d0600000|100%| O|  |TAMS 0x00000000d0500000, 0x00000000d0500000| Untracked 
| 774|0x00000000d0600000, 0x00000000d0700000, 0x00000000d0700000|100%| O|  |TAMS 0x00000000d0600000, 0x00000000d0600000| Untracked 
| 775|0x00000000d0700000, 0x00000000d0800000, 0x00000000d0800000|100%| O|  |TAMS 0x00000000d0700000, 0x00000000d0700000| Untracked 
| 776|0x00000000d0800000, 0x00000000d0900000, 0x00000000d0900000|100%| O|  |TAMS 0x00000000d0800000, 0x00000000d0800000| Untracked 
| 777|0x00000000d0900000, 0x00000000d0a00000, 0x00000000d0a00000|100%| O|  |TAMS 0x00000000d0900000, 0x00000000d0900000| Untracked 
| 778|0x00000000d0a00000, 0x00000000d0b00000, 0x00000000d0b00000|100%| O|  |TAMS 0x00000000d0a00000, 0x00000000d0a00000| Untracked 
| 779|0x00000000d0b00000, 0x00000000d0c00000, 0x00000000d0c00000|100%| O|  |TAMS 0x00000000d0b00000, 0x00000000d0b00000| Untracked 
| 780|0x00000000d0c00000, 0x00000000d0d00000, 0x00000000d0d00000|100%| O|  |TAMS 0x00000000d0c00000, 0x00000000d0c00000| Untracked 
| 781|0x00000000d0d00000, 0x00000000d0e00000, 0x00000000d0e00000|100%| O|  |TAMS 0x00000000d0d00000, 0x00000000d0d00000| Untracked 
| 782|0x00000000d0e00000, 0x00000000d0f00000, 0x00000000d0f00000|100%| O|  |TAMS 0x00000000d0e00000, 0x00000000d0e00000| Untracked 
| 783|0x00000000d0f00000, 0x00000000d1000000, 0x00000000d1000000|100%| O|  |TAMS 0x00000000d0f00000, 0x00000000d0f00000| Untracked 
| 784|0x00000000d1000000, 0x00000000d1100000, 0x00000000d1100000|100%| O|  |TAMS 0x00000000d1000000, 0x00000000d1000000| Untracked 
| 785|0x00000000d1100000, 0x00000000d1200000, 0x00000000d1200000|100%| O|  |TAMS 0x00000000d1100000, 0x00000000d1100000| Untracked 
| 786|0x00000000d1200000, 0x00000000d1300000, 0x00000000d1300000|100%| O|  |TAMS 0x00000000d1200000, 0x00000000d1200000| Untracked 
| 787|0x00000000d1300000, 0x00000000d1400000, 0x00000000d1400000|100%| O|  |TAMS 0x00000000d1300000, 0x00000000d1300000| Untracked 
| 788|0x00000000d1400000, 0x00000000d1500000, 0x00000000d1500000|100%| O|  |TAMS 0x00000000d1400000, 0x00000000d1400000| Untracked 
| 789|0x00000000d1500000, 0x00000000d1600000, 0x00000000d1600000|100%| O|  |TAMS 0x00000000d1500000, 0x00000000d1500000| Untracked 
| 790|0x00000000d1600000, 0x00000000d1700000, 0x00000000d1700000|100%| O|  |TAMS 0x00000000d1600000, 0x00000000d1600000| Untracked 
| 791|0x00000000d1700000, 0x00000000d1800000, 0x00000000d1800000|100%| O|  |TAMS 0x00000000d1700000, 0x00000000d1700000| Untracked 
| 792|0x00000000d1800000, 0x00000000d1900000, 0x00000000d1900000|100%| O|  |TAMS 0x00000000d1800000, 0x00000000d1800000| Untracked 
| 793|0x00000000d1900000, 0x00000000d1a00000, 0x00000000d1a00000|100%| O|  |TAMS 0x00000000d1900000, 0x00000000d1900000| Untracked 
| 794|0x00000000d1a00000, 0x00000000d1b00000, 0x00000000d1b00000|100%| O|  |TAMS 0x00000000d1a00000, 0x00000000d1a00000| Untracked 
| 795|0x00000000d1b00000, 0x00000000d1c00000, 0x00000000d1c00000|100%| O|  |TAMS 0x00000000d1b00000, 0x00000000d1b00000| Untracked 
| 796|0x00000000d1c00000, 0x00000000d1d00000, 0x00000000d1d00000|100%| O|  |TAMS 0x00000000d1c00000, 0x00000000d1c00000| Untracked 
| 797|0x00000000d1d00000, 0x00000000d1e00000, 0x00000000d1e00000|100%| O|  |TAMS 0x00000000d1d00000, 0x00000000d1d00000| Untracked 
| 798|0x00000000d1e00000, 0x00000000d1f00000, 0x00000000d1f00000|100%| O|  |TAMS 0x00000000d1e00000, 0x00000000d1e00000| Untracked 
| 799|0x00000000d1f00000, 0x00000000d2000000, 0x00000000d2000000|100%| O|  |TAMS 0x00000000d1f00000, 0x00000000d1f00000| Untracked 
| 800|0x00000000d2000000, 0x00000000d2100000, 0x00000000d2100000|100%| O|  |TAMS 0x00000000d2000000, 0x00000000d2000000| Untracked 
| 801|0x00000000d2100000, 0x00000000d2200000, 0x00000000d2200000|100%| O|  |TAMS 0x00000000d2100000, 0x00000000d2100000| Untracked 
| 802|0x00000000d2200000, 0x00000000d2300000, 0x00000000d2300000|100%| O|  |TAMS 0x00000000d2200000, 0x00000000d2200000| Untracked 
| 803|0x00000000d2300000, 0x00000000d2400000, 0x00000000d2400000|100%| O|  |TAMS 0x00000000d2300000, 0x00000000d2300000| Untracked 
| 804|0x00000000d2400000, 0x00000000d2500000, 0x00000000d2500000|100%| O|  |TAMS 0x00000000d2400000, 0x00000000d2400000| Untracked 
| 805|0x00000000d2500000, 0x00000000d2600000, 0x00000000d2600000|100%| O|  |TAMS 0x00000000d2500000, 0x00000000d2500000| Untracked 
| 806|0x00000000d2600000, 0x00000000d2700000, 0x00000000d2700000|100%|HS|  |TAMS 0x00000000d2600000, 0x00000000d2600000| Complete 
| 807|0x00000000d2700000, 0x00000000d2800000, 0x00000000d2800000|100%|HS|  |TAMS 0x00000000d2700000, 0x00000000d2700000| Complete 
| 808|0x00000000d2800000, 0x00000000d2900000, 0x00000000d2900000|100%|HS|  |TAMS 0x00000000d2800000, 0x00000000d2800000| Complete 
| 809|0x00000000d2900000, 0x00000000d2a00000, 0x00000000d2a00000|100%|HS|  |TAMS 0x00000000d2900000, 0x00000000d2900000| Complete 
| 810|0x00000000d2a00000, 0x00000000d2b00000, 0x00000000d2b00000|100%|HS|  |TAMS 0x00000000d2a00000, 0x00000000d2a00000| Complete 
| 811|0x00000000d2b00000, 0x00000000d2c00000, 0x00000000d2c00000|100%|HS|  |TAMS 0x00000000d2b00000, 0x00000000d2b00000| Complete 
| 812|0x00000000d2c00000, 0x00000000d2d00000, 0x00000000d2d00000|100%|HS|  |TAMS 0x00000000d2c00000, 0x00000000d2c00000| Complete 
| 813|0x00000000d2d00000, 0x00000000d2e00000, 0x00000000d2e00000|100%|HC|  |TAMS 0x00000000d2d00000, 0x00000000d2d00000| Complete 
| 814|0x00000000d2e00000, 0x00000000d2f00000, 0x00000000d2f00000|100%|HS|  |TAMS 0x00000000d2e00000, 0x00000000d2e00000| Complete 
| 815|0x00000000d2f00000, 0x00000000d3000000, 0x00000000d3000000|100%|HS|  |TAMS 0x00000000d2f00000, 0x00000000d2f00000| Complete 
| 816|0x00000000d3000000, 0x00000000d3100000, 0x00000000d3100000|100%|HC|  |TAMS 0x00000000d3000000, 0x00000000d3000000| Complete 
| 817|0x00000000d3100000, 0x00000000d3100000, 0x00000000d3200000|  0%| F|  |TAMS 0x00000000d3100000, 0x00000000d3100000| Untracked 
| 818|0x00000000d3200000, 0x00000000d3200000, 0x00000000d3300000|  0%| F|  |TAMS 0x00000000d3200000, 0x00000000d3200000| Untracked 
| 819|0x00000000d3300000, 0x00000000d3300000, 0x00000000d3400000|  0%| F|  |TAMS 0x00000000d3300000, 0x00000000d3300000| Untracked 
| 820|0x00000000d3400000, 0x00000000d3400000, 0x00000000d3500000|  0%| F|  |TAMS 0x00000000d3400000, 0x00000000d3400000| Untracked 
| 821|0x00000000d3500000, 0x00000000d3500000, 0x00000000d3600000|  0%| F|  |TAMS 0x00000000d3500000, 0x00000000d3500000| Untracked 
| 822|0x00000000d3600000, 0x00000000d3600000, 0x00000000d3700000|  0%| F|  |TAMS 0x00000000d3600000, 0x00000000d3600000| Untracked 
| 823|0x00000000d3700000, 0x00000000d3700000, 0x00000000d3800000|  0%| F|  |TAMS 0x00000000d3700000, 0x00000000d3700000| Untracked 
| 824|0x00000000d3800000, 0x00000000d3800000, 0x00000000d3900000|  0%| F|  |TAMS 0x00000000d3800000, 0x00000000d3800000| Untracked 
| 825|0x00000000d3900000, 0x00000000d3900000, 0x00000000d3a00000|  0%| F|  |TAMS 0x00000000d3900000, 0x00000000d3900000| Untracked 
| 826|0x00000000d3a00000, 0x00000000d3a00000, 0x00000000d3b00000|  0%| F|  |TAMS 0x00000000d3a00000, 0x00000000d3a00000| Untracked 
| 827|0x00000000d3b00000, 0x00000000d3b00000, 0x00000000d3c00000|  0%| F|  |TAMS 0x00000000d3b00000, 0x00000000d3b00000| Untracked 
| 828|0x00000000d3c00000, 0x00000000d3c00000, 0x00000000d3d00000|  0%| F|  |TAMS 0x00000000d3c00000, 0x00000000d3c00000| Untracked 
| 829|0x00000000d3d00000, 0x00000000d3d00000, 0x00000000d3e00000|  0%| F|  |TAMS 0x00000000d3d00000, 0x00000000d3d00000| Untracked 
| 830|0x00000000d3e00000, 0x00000000d3e00000, 0x00000000d3f00000|  0%| F|  |TAMS 0x00000000d3e00000, 0x00000000d3e00000| Untracked 
| 831|0x00000000d3f00000, 0x00000000d3f00000, 0x00000000d4000000|  0%| F|  |TAMS 0x00000000d3f00000, 0x00000000d3f00000| Untracked 
| 832|0x00000000d4000000, 0x00000000d4000000, 0x00000000d4100000|  0%| F|  |TAMS 0x00000000d4000000, 0x00000000d4000000| Untracked 
| 833|0x00000000d4100000, 0x00000000d4100000, 0x00000000d4200000|  0%| F|  |TAMS 0x00000000d4100000, 0x00000000d4100000| Untracked 
| 834|0x00000000d4200000, 0x00000000d4200000, 0x00000000d4300000|  0%| F|  |TAMS 0x00000000d4200000, 0x00000000d4200000| Untracked 
| 835|0x00000000d4300000, 0x00000000d4300000, 0x00000000d4400000|  0%| F|  |TAMS 0x00000000d4300000, 0x00000000d4300000| Untracked 
| 836|0x00000000d4400000, 0x00000000d4400000, 0x00000000d4500000|  0%| F|  |TAMS 0x00000000d4400000, 0x00000000d4400000| Untracked 
| 837|0x00000000d4500000, 0x00000000d4500000, 0x00000000d4600000|  0%| F|  |TAMS 0x00000000d4500000, 0x00000000d4500000| Untracked 
| 838|0x00000000d4600000, 0x00000000d4600000, 0x00000000d4700000|  0%| F|  |TAMS 0x00000000d4600000, 0x00000000d4600000| Untracked 
| 839|0x00000000d4700000, 0x00000000d4700000, 0x00000000d4800000|  0%| F|  |TAMS 0x00000000d4700000, 0x00000000d4700000| Untracked 
| 840|0x00000000d4800000, 0x00000000d4800000, 0x00000000d4900000|  0%| F|  |TAMS 0x00000000d4800000, 0x00000000d4800000| Untracked 
| 841|0x00000000d4900000, 0x00000000d4900000, 0x00000000d4a00000|  0%| F|  |TAMS 0x00000000d4900000, 0x00000000d4900000| Untracked 
| 842|0x00000000d4a00000, 0x00000000d4a00000, 0x00000000d4b00000|  0%| F|  |TAMS 0x00000000d4a00000, 0x00000000d4a00000| Untracked 
| 843|0x00000000d4b00000, 0x00000000d4b00000, 0x00000000d4c00000|  0%| F|  |TAMS 0x00000000d4b00000, 0x00000000d4b00000| Untracked 
| 844|0x00000000d4c00000, 0x00000000d4c00000, 0x00000000d4d00000|  0%| F|  |TAMS 0x00000000d4c00000, 0x00000000d4c00000| Untracked 
| 845|0x00000000d4d00000, 0x00000000d4d00000, 0x00000000d4e00000|  0%| F|  |TAMS 0x00000000d4d00000, 0x00000000d4d00000| Untracked 
| 846|0x00000000d4e00000, 0x00000000d4e00000, 0x00000000d4f00000|  0%| F|  |TAMS 0x00000000d4e00000, 0x00000000d4e00000| Untracked 
| 847|0x00000000d4f00000, 0x00000000d4f00000, 0x00000000d5000000|  0%| F|  |TAMS 0x00000000d4f00000, 0x00000000d4f00000| Untracked 
| 848|0x00000000d5000000, 0x00000000d5000000, 0x00000000d5100000|  0%| F|  |TAMS 0x00000000d5000000, 0x00000000d5000000| Untracked 
| 849|0x00000000d5100000, 0x00000000d5100000, 0x00000000d5200000|  0%| F|  |TAMS 0x00000000d5100000, 0x00000000d5100000| Untracked 
| 850|0x00000000d5200000, 0x00000000d5200000, 0x00000000d5300000|  0%| F|  |TAMS 0x00000000d5200000, 0x00000000d5200000| Untracked 
| 851|0x00000000d5300000, 0x00000000d5300000, 0x00000000d5400000|  0%| F|  |TAMS 0x00000000d5300000, 0x00000000d5300000| Untracked 
| 852|0x00000000d5400000, 0x00000000d5400000, 0x00000000d5500000|  0%| F|  |TAMS 0x00000000d5400000, 0x00000000d5400000| Untracked 
| 853|0x00000000d5500000, 0x00000000d5500000, 0x00000000d5600000|  0%| F|  |TAMS 0x00000000d5500000, 0x00000000d5500000| Untracked 
| 854|0x00000000d5600000, 0x00000000d5600000, 0x00000000d5700000|  0%| F|  |TAMS 0x00000000d5600000, 0x00000000d5600000| Untracked 
| 855|0x00000000d5700000, 0x00000000d5700000, 0x00000000d5800000|  0%| F|  |TAMS 0x00000000d5700000, 0x00000000d5700000| Untracked 
| 856|0x00000000d5800000, 0x00000000d5800000, 0x00000000d5900000|  0%| F|  |TAMS 0x00000000d5800000, 0x00000000d5800000| Untracked 
| 857|0x00000000d5900000, 0x00000000d5900000, 0x00000000d5a00000|  0%| F|  |TAMS 0x00000000d5900000, 0x00000000d5900000| Untracked 
| 858|0x00000000d5a00000, 0x00000000d5a00000, 0x00000000d5b00000|  0%| F|  |TAMS 0x00000000d5a00000, 0x00000000d5a00000| Untracked 
| 859|0x00000000d5b00000, 0x00000000d5b00000, 0x00000000d5c00000|  0%| F|  |TAMS 0x00000000d5b00000, 0x00000000d5b00000| Untracked 
| 860|0x00000000d5c00000, 0x00000000d5c00000, 0x00000000d5d00000|  0%| F|  |TAMS 0x00000000d5c00000, 0x00000000d5c00000| Untracked 
| 861|0x00000000d5d00000, 0x00000000d5d00000, 0x00000000d5e00000|  0%| F|  |TAMS 0x00000000d5d00000, 0x00000000d5d00000| Untracked 
| 862|0x00000000d5e00000, 0x00000000d5e00000, 0x00000000d5f00000|  0%| F|  |TAMS 0x00000000d5e00000, 0x00000000d5e00000| Untracked 
| 863|0x00000000d5f00000, 0x00000000d5f00000, 0x00000000d6000000|  0%| F|  |TAMS 0x00000000d5f00000, 0x00000000d5f00000| Untracked 
| 864|0x00000000d6000000, 0x00000000d6000000, 0x00000000d6100000|  0%| F|  |TAMS 0x00000000d6000000, 0x00000000d6000000| Untracked 
| 865|0x00000000d6100000, 0x00000000d6100000, 0x00000000d6200000|  0%| F|  |TAMS 0x00000000d6100000, 0x00000000d6100000| Untracked 
| 866|0x00000000d6200000, 0x00000000d6200000, 0x00000000d6300000|  0%| F|  |TAMS 0x00000000d6200000, 0x00000000d6200000| Untracked 
| 867|0x00000000d6300000, 0x00000000d6300000, 0x00000000d6400000|  0%| F|  |TAMS 0x00000000d6300000, 0x00000000d6300000| Untracked 
| 868|0x00000000d6400000, 0x00000000d6400000, 0x00000000d6500000|  0%| F|  |TAMS 0x00000000d6400000, 0x00000000d6400000| Untracked 
| 869|0x00000000d6500000, 0x00000000d6500000, 0x00000000d6600000|  0%| F|  |TAMS 0x00000000d6500000, 0x00000000d6500000| Untracked 
| 870|0x00000000d6600000, 0x00000000d6600000, 0x00000000d6700000|  0%| F|  |TAMS 0x00000000d6600000, 0x00000000d6600000| Untracked 
| 871|0x00000000d6700000, 0x00000000d6700000, 0x00000000d6800000|  0%| F|  |TAMS 0x00000000d6700000, 0x00000000d6700000| Untracked 
| 872|0x00000000d6800000, 0x00000000d6800000, 0x00000000d6900000|  0%| F|  |TAMS 0x00000000d6800000, 0x00000000d6800000| Untracked 
| 873|0x00000000d6900000, 0x00000000d6900000, 0x00000000d6a00000|  0%| F|  |TAMS 0x00000000d6900000, 0x00000000d6900000| Untracked 
| 874|0x00000000d6a00000, 0x00000000d6a00000, 0x00000000d6b00000|  0%| F|  |TAMS 0x00000000d6a00000, 0x00000000d6a00000| Untracked 
| 875|0x00000000d6b00000, 0x00000000d6b00000, 0x00000000d6c00000|  0%| F|  |TAMS 0x00000000d6b00000, 0x00000000d6b00000| Untracked 
| 876|0x00000000d6c00000, 0x00000000d6c00000, 0x00000000d6d00000|  0%| F|  |TAMS 0x00000000d6c00000, 0x00000000d6c00000| Untracked 
| 877|0x00000000d6d00000, 0x00000000d6d00000, 0x00000000d6e00000|  0%| F|  |TAMS 0x00000000d6d00000, 0x00000000d6d00000| Untracked 
| 878|0x00000000d6e00000, 0x00000000d6e00000, 0x00000000d6f00000|  0%| F|  |TAMS 0x00000000d6e00000, 0x00000000d6e00000| Untracked 
| 879|0x00000000d6f00000, 0x00000000d6f00000, 0x00000000d7000000|  0%| F|  |TAMS 0x00000000d6f00000, 0x00000000d6f00000| Untracked 
| 880|0x00000000d7000000, 0x00000000d7000000, 0x00000000d7100000|  0%| F|  |TAMS 0x00000000d7000000, 0x00000000d7000000| Untracked 
| 881|0x00000000d7100000, 0x00000000d7100000, 0x00000000d7200000|  0%| F|  |TAMS 0x00000000d7100000, 0x00000000d7100000| Untracked 
| 882|0x00000000d7200000, 0x00000000d7200000, 0x00000000d7300000|  0%| F|  |TAMS 0x00000000d7200000, 0x00000000d7200000| Untracked 
| 883|0x00000000d7300000, 0x00000000d7300000, 0x00000000d7400000|  0%| F|  |TAMS 0x00000000d7300000, 0x00000000d7300000| Untracked 
| 884|0x00000000d7400000, 0x00000000d7400000, 0x00000000d7500000|  0%| F|  |TAMS 0x00000000d7400000, 0x00000000d7400000| Untracked 
| 885|0x00000000d7500000, 0x00000000d7500000, 0x00000000d7600000|  0%| F|  |TAMS 0x00000000d7500000, 0x00000000d7500000| Untracked 
| 886|0x00000000d7600000, 0x00000000d7600000, 0x00000000d7700000|  0%| F|  |TAMS 0x00000000d7600000, 0x00000000d7600000| Untracked 
| 887|0x00000000d7700000, 0x00000000d7700000, 0x00000000d7800000|  0%| F|  |TAMS 0x00000000d7700000, 0x00000000d7700000| Untracked 
| 888|0x00000000d7800000, 0x00000000d7800000, 0x00000000d7900000|  0%| F|  |TAMS 0x00000000d7800000, 0x00000000d7800000| Untracked 
| 889|0x00000000d7900000, 0x00000000d7900000, 0x00000000d7a00000|  0%| F|  |TAMS 0x00000000d7900000, 0x00000000d7900000| Untracked 
| 890|0x00000000d7a00000, 0x00000000d7a00000, 0x00000000d7b00000|  0%| F|  |TAMS 0x00000000d7a00000, 0x00000000d7a00000| Untracked 
| 891|0x00000000d7b00000, 0x00000000d7b00000, 0x00000000d7c00000|  0%| F|  |TAMS 0x00000000d7b00000, 0x00000000d7b00000| Untracked 
| 892|0x00000000d7c00000, 0x00000000d7c00000, 0x00000000d7d00000|  0%| F|  |TAMS 0x00000000d7c00000, 0x00000000d7c00000| Untracked 
| 893|0x00000000d7d00000, 0x00000000d7d00000, 0x00000000d7e00000|  0%| F|  |TAMS 0x00000000d7d00000, 0x00000000d7d00000| Untracked 
| 894|0x00000000d7e00000, 0x00000000d7e00000, 0x00000000d7f00000|  0%| F|  |TAMS 0x00000000d7e00000, 0x00000000d7e00000| Untracked 
| 895|0x00000000d7f00000, 0x00000000d7f00000, 0x00000000d8000000|  0%| F|  |TAMS 0x00000000d7f00000, 0x00000000d7f00000| Untracked 
| 896|0x00000000d8000000, 0x00000000d8000000, 0x00000000d8100000|  0%| F|  |TAMS 0x00000000d8000000, 0x00000000d8000000| Untracked 
| 897|0x00000000d8100000, 0x00000000d8100000, 0x00000000d8200000|  0%| F|  |TAMS 0x00000000d8100000, 0x00000000d8100000| Untracked 
| 898|0x00000000d8200000, 0x00000000d8200000, 0x00000000d8300000|  0%| F|  |TAMS 0x00000000d8200000, 0x00000000d8200000| Untracked 
| 899|0x00000000d8300000, 0x00000000d8300000, 0x00000000d8400000|  0%| F|  |TAMS 0x00000000d8300000, 0x00000000d8300000| Untracked 
| 900|0x00000000d8400000, 0x00000000d8400000, 0x00000000d8500000|  0%| F|  |TAMS 0x00000000d8400000, 0x00000000d8400000| Untracked 
| 901|0x00000000d8500000, 0x00000000d8500000, 0x00000000d8600000|  0%| F|  |TAMS 0x00000000d8500000, 0x00000000d8500000| Untracked 
| 902|0x00000000d8600000, 0x00000000d8600000, 0x00000000d8700000|  0%| F|  |TAMS 0x00000000d8600000, 0x00000000d8600000| Untracked 
| 903|0x00000000d8700000, 0x00000000d8700000, 0x00000000d8800000|  0%| F|  |TAMS 0x00000000d8700000, 0x00000000d8700000| Untracked 
| 904|0x00000000d8800000, 0x00000000d8800000, 0x00000000d8900000|  0%| F|  |TAMS 0x00000000d8800000, 0x00000000d8800000| Untracked 
| 905|0x00000000d8900000, 0x00000000d8900000, 0x00000000d8a00000|  0%| F|  |TAMS 0x00000000d8900000, 0x00000000d8900000| Untracked 
| 906|0x00000000d8a00000, 0x00000000d8a00000, 0x00000000d8b00000|  0%| F|  |TAMS 0x00000000d8a00000, 0x00000000d8a00000| Untracked 
| 907|0x00000000d8b00000, 0x00000000d8b00000, 0x00000000d8c00000|  0%| F|  |TAMS 0x00000000d8b00000, 0x00000000d8b00000| Untracked 
| 908|0x00000000d8c00000, 0x00000000d8c00000, 0x00000000d8d00000|  0%| F|  |TAMS 0x00000000d8c00000, 0x00000000d8c00000| Untracked 
| 909|0x00000000d8d00000, 0x00000000d8d00000, 0x00000000d8e00000|  0%| F|  |TAMS 0x00000000d8d00000, 0x00000000d8d00000| Untracked 
| 910|0x00000000d8e00000, 0x00000000d8e00000, 0x00000000d8f00000|  0%| F|  |TAMS 0x00000000d8e00000, 0x00000000d8e00000| Untracked 
| 911|0x00000000d8f00000, 0x00000000d8f00000, 0x00000000d9000000|  0%| F|  |TAMS 0x00000000d8f00000, 0x00000000d8f00000| Untracked 
| 912|0x00000000d9000000, 0x00000000d9000000, 0x00000000d9100000|  0%| F|  |TAMS 0x00000000d9000000, 0x00000000d9000000| Untracked 
| 913|0x00000000d9100000, 0x00000000d9100000, 0x00000000d9200000|  0%| F|  |TAMS 0x00000000d9100000, 0x00000000d9100000| Untracked 
| 914|0x00000000d9200000, 0x00000000d9200000, 0x00000000d9300000|  0%| F|  |TAMS 0x00000000d9200000, 0x00000000d9200000| Untracked 
| 915|0x00000000d9300000, 0x00000000d9300000, 0x00000000d9400000|  0%| F|  |TAMS 0x00000000d9300000, 0x00000000d9300000| Untracked 
| 916|0x00000000d9400000, 0x00000000d9400000, 0x00000000d9500000|  0%| F|  |TAMS 0x00000000d9400000, 0x00000000d9400000| Untracked 
| 917|0x00000000d9500000, 0x00000000d9500000, 0x00000000d9600000|  0%| F|  |TAMS 0x00000000d9500000, 0x00000000d9500000| Untracked 
| 918|0x00000000d9600000, 0x00000000d9600000, 0x00000000d9700000|  0%| F|  |TAMS 0x00000000d9600000, 0x00000000d9600000| Untracked 
| 919|0x00000000d9700000, 0x00000000d9700000, 0x00000000d9800000|  0%| F|  |TAMS 0x00000000d9700000, 0x00000000d9700000| Untracked 
| 920|0x00000000d9800000, 0x00000000d9800000, 0x00000000d9900000|  0%| F|  |TAMS 0x00000000d9800000, 0x00000000d9800000| Untracked 
| 921|0x00000000d9900000, 0x00000000d9900000, 0x00000000d9a00000|  0%| F|  |TAMS 0x00000000d9900000, 0x00000000d9900000| Untracked 
| 922|0x00000000d9a00000, 0x00000000d9a00000, 0x00000000d9b00000|  0%| F|  |TAMS 0x00000000d9a00000, 0x00000000d9a00000| Untracked 
| 923|0x00000000d9b00000, 0x00000000d9b00000, 0x00000000d9c00000|  0%| F|  |TAMS 0x00000000d9b00000, 0x00000000d9b00000| Untracked 
| 924|0x00000000d9c00000, 0x00000000d9c00000, 0x00000000d9d00000|  0%| F|  |TAMS 0x00000000d9c00000, 0x00000000d9c00000| Untracked 
| 925|0x00000000d9d00000, 0x00000000d9d00000, 0x00000000d9e00000|  0%| F|  |TAMS 0x00000000d9d00000, 0x00000000d9d00000| Untracked 
| 926|0x00000000d9e00000, 0x00000000d9e00000, 0x00000000d9f00000|  0%| F|  |TAMS 0x00000000d9e00000, 0x00000000d9e00000| Untracked 
| 927|0x00000000d9f00000, 0x00000000d9f00000, 0x00000000da000000|  0%| F|  |TAMS 0x00000000d9f00000, 0x00000000d9f00000| Untracked 
| 928|0x00000000da000000, 0x00000000da000000, 0x00000000da100000|  0%| F|  |TAMS 0x00000000da000000, 0x00000000da000000| Untracked 
| 929|0x00000000da100000, 0x00000000da100000, 0x00000000da200000|  0%| F|  |TAMS 0x00000000da100000, 0x00000000da100000| Untracked 
| 930|0x00000000da200000, 0x00000000da200000, 0x00000000da300000|  0%| F|  |TAMS 0x00000000da200000, 0x00000000da200000| Untracked 
| 931|0x00000000da300000, 0x00000000da300000, 0x00000000da400000|  0%| F|  |TAMS 0x00000000da300000, 0x00000000da300000| Untracked 
| 932|0x00000000da400000, 0x00000000da400000, 0x00000000da500000|  0%| F|  |TAMS 0x00000000da400000, 0x00000000da400000| Untracked 
| 933|0x00000000da500000, 0x00000000da600000, 0x00000000da600000|100%| S|CS|TAMS 0x00000000da500000, 0x00000000da500000| Complete 
| 934|0x00000000da600000, 0x00000000da700000, 0x00000000da700000|100%| S|CS|TAMS 0x00000000da600000, 0x00000000da600000| Complete 
| 935|0x00000000da700000, 0x00000000da800000, 0x00000000da800000|100%| S|CS|TAMS 0x00000000da700000, 0x00000000da700000| Complete 
| 936|0x00000000da800000, 0x00000000da900000, 0x00000000da900000|100%| S|CS|TAMS 0x00000000da800000, 0x00000000da800000| Complete 
| 937|0x00000000da900000, 0x00000000daa00000, 0x00000000daa00000|100%| S|CS|TAMS 0x00000000da900000, 0x00000000da900000| Complete 
| 938|0x00000000daa00000, 0x00000000dab00000, 0x00000000dab00000|100%| S|CS|TAMS 0x00000000daa00000, 0x00000000daa00000| Complete 
| 939|0x00000000dab00000, 0x00000000dac00000, 0x00000000dac00000|100%| S|CS|TAMS 0x00000000dab00000, 0x00000000dab00000| Complete 
| 940|0x00000000dac00000, 0x00000000dac00000, 0x00000000dad00000|  0%| F|  |TAMS 0x00000000dac00000, 0x00000000dac00000| Untracked 
| 941|0x00000000dad00000, 0x00000000dad00000, 0x00000000dae00000|  0%| F|  |TAMS 0x00000000dad00000, 0x00000000dad00000| Untracked 
| 942|0x00000000dae00000, 0x00000000dae00000, 0x00000000daf00000|  0%| F|  |TAMS 0x00000000dae00000, 0x00000000dae00000| Untracked 
| 943|0x00000000daf00000, 0x00000000daf00000, 0x00000000db000000|  0%| F|  |TAMS 0x00000000daf00000, 0x00000000daf00000| Untracked 
| 944|0x00000000db000000, 0x00000000db000000, 0x00000000db100000|  0%| F|  |TAMS 0x00000000db000000, 0x00000000db000000| Untracked 
| 945|0x00000000db100000, 0x00000000db100000, 0x00000000db200000|  0%| F|  |TAMS 0x00000000db100000, 0x00000000db100000| Untracked 
| 946|0x00000000db200000, 0x00000000db200000, 0x00000000db300000|  0%| F|  |TAMS 0x00000000db200000, 0x00000000db200000| Untracked 
| 947|0x00000000db300000, 0x00000000db300000, 0x00000000db400000|  0%| F|  |TAMS 0x00000000db300000, 0x00000000db300000| Untracked 
| 948|0x00000000db400000, 0x00000000db500000, 0x00000000db500000|100%| S|CS|TAMS 0x00000000db400000, 0x00000000db400000| Complete 
| 949|0x00000000db500000, 0x00000000db500000, 0x00000000db600000|  0%| F|  |TAMS 0x00000000db500000, 0x00000000db500000| Untracked 
| 950|0x00000000db600000, 0x00000000db600000, 0x00000000db700000|  0%| F|  |TAMS 0x00000000db600000, 0x00000000db600000| Untracked 
| 951|0x00000000db700000, 0x00000000db800000, 0x00000000db800000|100%| S|CS|TAMS 0x00000000db700000, 0x00000000db700000| Complete 
| 952|0x00000000db800000, 0x00000000db900000, 0x00000000db900000|100%| S|CS|TAMS 0x00000000db800000, 0x00000000db800000| Complete 
| 953|0x00000000db900000, 0x00000000dba00000, 0x00000000dba00000|100%| S|CS|TAMS 0x00000000db900000, 0x00000000db900000| Complete 
| 954|0x00000000dba00000, 0x00000000dbb00000, 0x00000000dbb00000|100%| S|CS|TAMS 0x00000000dba00000, 0x00000000dba00000| Complete 
| 955|0x00000000dbb00000, 0x00000000dbc00000, 0x00000000dbc00000|100%| S|CS|TAMS 0x00000000dbb00000, 0x00000000dbb00000| Complete 
| 956|0x00000000dbc00000, 0x00000000dbd00000, 0x00000000dbd00000|100%| S|CS|TAMS 0x00000000dbc00000, 0x00000000dbc00000| Complete 
| 957|0x00000000dbd00000, 0x00000000dbe00000, 0x00000000dbe00000|100%| S|CS|TAMS 0x00000000dbd00000, 0x00000000dbd00000| Complete 
| 958|0x00000000dbe00000, 0x00000000dbf00000, 0x00000000dbf00000|100%| S|CS|TAMS 0x00000000dbe00000, 0x00000000dbe00000| Complete 
| 959|0x00000000dbf00000, 0x00000000dc000000, 0x00000000dc000000|100%| S|CS|TAMS 0x00000000dbf00000, 0x00000000dbf00000| Complete 
| 960|0x00000000dc000000, 0x00000000dc100000, 0x00000000dc100000|100%| S|CS|TAMS 0x00000000dc000000, 0x00000000dc000000| Complete 
| 961|0x00000000dc100000, 0x00000000dc200000, 0x00000000dc200000|100%| S|CS|TAMS 0x00000000dc100000, 0x00000000dc100000| Complete 
| 962|0x00000000dc200000, 0x00000000dc300000, 0x00000000dc300000|100%| S|CS|TAMS 0x00000000dc200000, 0x00000000dc200000| Complete 
| 963|0x00000000dc300000, 0x00000000dc400000, 0x00000000dc400000|100%| S|CS|TAMS 0x00000000dc300000, 0x00000000dc300000| Complete 
| 964|0x00000000dc400000, 0x00000000dc500000, 0x00000000dc500000|100%| S|CS|TAMS 0x00000000dc400000, 0x00000000dc400000| Complete 
| 965|0x00000000dc500000, 0x00000000dc600000, 0x00000000dc600000|100%| S|CS|TAMS 0x00000000dc500000, 0x00000000dc500000| Complete 
| 966|0x00000000dc600000, 0x00000000dc700000, 0x00000000dc700000|100%| S|CS|TAMS 0x00000000dc600000, 0x00000000dc600000| Complete 
| 967|0x00000000dc700000, 0x00000000dc800000, 0x00000000dc800000|100%| S|CS|TAMS 0x00000000dc700000, 0x00000000dc700000| Complete 
| 968|0x00000000dc800000, 0x00000000dc900000, 0x00000000dc900000|100%| S|CS|TAMS 0x00000000dc800000, 0x00000000dc800000| Complete 
| 969|0x00000000dc900000, 0x00000000dc900000, 0x00000000dca00000|  0%| F|  |TAMS 0x00000000dc900000, 0x00000000dc900000| Untracked 
| 970|0x00000000dca00000, 0x00000000dca00000, 0x00000000dcb00000|  0%| F|  |TAMS 0x00000000dca00000, 0x00000000dca00000| Untracked 
| 971|0x00000000dcb00000, 0x00000000dcb00000, 0x00000000dcc00000|  0%| F|  |TAMS 0x00000000dcb00000, 0x00000000dcb00000| Untracked 
| 972|0x00000000dcc00000, 0x00000000dcc00000, 0x00000000dcd00000|  0%| F|  |TAMS 0x00000000dcc00000, 0x00000000dcc00000| Untracked 
| 973|0x00000000dcd00000, 0x00000000dcd00000, 0x00000000dce00000|  0%| F|  |TAMS 0x00000000dcd00000, 0x00000000dcd00000| Untracked 
| 974|0x00000000dce00000, 0x00000000dce00000, 0x00000000dcf00000|  0%| F|  |TAMS 0x00000000dce00000, 0x00000000dce00000| Untracked 
| 975|0x00000000dcf00000, 0x00000000dcf00000, 0x00000000dd000000|  0%| F|  |TAMS 0x00000000dcf00000, 0x00000000dcf00000| Untracked 
| 976|0x00000000dd000000, 0x00000000dd000000, 0x00000000dd100000|  0%| F|  |TAMS 0x00000000dd000000, 0x00000000dd000000| Untracked 
| 977|0x00000000dd100000, 0x00000000dd100000, 0x00000000dd200000|  0%| F|  |TAMS 0x00000000dd100000, 0x00000000dd100000| Untracked 
| 978|0x00000000dd200000, 0x00000000dd200000, 0x00000000dd300000|  0%| F|  |TAMS 0x00000000dd200000, 0x00000000dd200000| Untracked 
| 979|0x00000000dd300000, 0x00000000dd300000, 0x00000000dd400000|  0%| F|  |TAMS 0x00000000dd300000, 0x00000000dd300000| Untracked 
| 980|0x00000000dd400000, 0x00000000dd400000, 0x00000000dd500000|  0%| F|  |TAMS 0x00000000dd400000, 0x00000000dd400000| Untracked 
| 981|0x00000000dd500000, 0x00000000dd500000, 0x00000000dd600000|  0%| F|  |TAMS 0x00000000dd500000, 0x00000000dd500000| Untracked 
| 982|0x00000000dd600000, 0x00000000dd600000, 0x00000000dd700000|  0%| F|  |TAMS 0x00000000dd600000, 0x00000000dd600000| Untracked 
| 983|0x00000000dd700000, 0x00000000dd700000, 0x00000000dd800000|  0%| F|  |TAMS 0x00000000dd700000, 0x00000000dd700000| Untracked 
| 984|0x00000000dd800000, 0x00000000dd800000, 0x00000000dd900000|  0%| F|  |TAMS 0x00000000dd800000, 0x00000000dd800000| Untracked 
| 985|0x00000000dd900000, 0x00000000dd900000, 0x00000000dda00000|  0%| F|  |TAMS 0x00000000dd900000, 0x00000000dd900000| Untracked 
| 986|0x00000000dda00000, 0x00000000ddb00000, 0x00000000ddb00000|100%| S|CS|TAMS 0x00000000dda00000, 0x00000000dda00000| Complete 
| 987|0x00000000ddb00000, 0x00000000ddc00000, 0x00000000ddc00000|100%| S|CS|TAMS 0x00000000ddb00000, 0x00000000ddb00000| Complete 
| 988|0x00000000ddc00000, 0x00000000ddd00000, 0x00000000ddd00000|100%| S|CS|TAMS 0x00000000ddc00000, 0x00000000ddc00000| Complete 
| 989|0x00000000ddd00000, 0x00000000dde00000, 0x00000000dde00000|100%| S|CS|TAMS 0x00000000ddd00000, 0x00000000ddd00000| Complete 
| 990|0x00000000dde00000, 0x00000000ddf00000, 0x00000000ddf00000|100%| S|CS|TAMS 0x00000000dde00000, 0x00000000dde00000| Complete 
| 991|0x00000000ddf00000, 0x00000000de000000, 0x00000000de000000|100%| S|CS|TAMS 0x00000000ddf00000, 0x00000000ddf00000| Complete 
| 992|0x00000000de000000, 0x00000000de000000, 0x00000000de100000|  0%| F|  |TAMS 0x00000000de000000, 0x00000000de000000| Untracked 
| 993|0x00000000de100000, 0x00000000de100000, 0x00000000de200000|  0%| F|  |TAMS 0x00000000de100000, 0x00000000de100000| Untracked 
| 994|0x00000000de200000, 0x00000000de200000, 0x00000000de300000|  0%| F|  |TAMS 0x00000000de200000, 0x00000000de200000| Untracked 
| 995|0x00000000de300000, 0x00000000de300000, 0x00000000de400000|  0%| F|  |TAMS 0x00000000de300000, 0x00000000de300000| Untracked 
| 996|0x00000000de400000, 0x00000000de400000, 0x00000000de500000|  0%| F|  |TAMS 0x00000000de400000, 0x00000000de400000| Untracked 
| 997|0x00000000de500000, 0x00000000de500000, 0x00000000de600000|  0%| F|  |TAMS 0x00000000de500000, 0x00000000de500000| Untracked 
| 998|0x00000000de600000, 0x00000000de600000, 0x00000000de700000|  0%| F|  |TAMS 0x00000000de600000, 0x00000000de600000| Untracked 
| 999|0x00000000de700000, 0x00000000de700000, 0x00000000de800000|  0%| F|  |TAMS 0x00000000de700000, 0x00000000de700000| Untracked 
|1000|0x00000000de800000, 0x00000000de800000, 0x00000000de900000|  0%| F|  |TAMS 0x00000000de800000, 0x00000000de800000| Untracked 
|1001|0x00000000de900000, 0x00000000de900000, 0x00000000dea00000|  0%| F|  |TAMS 0x00000000de900000, 0x00000000de900000| Untracked 
|1002|0x00000000dea00000, 0x00000000dea00000, 0x00000000deb00000|  0%| F|  |TAMS 0x00000000dea00000, 0x00000000dea00000| Untracked 
|1003|0x00000000deb00000, 0x00000000deb00000, 0x00000000dec00000|  0%| F|  |TAMS 0x00000000deb00000, 0x00000000deb00000| Untracked 
|1004|0x00000000dec00000, 0x00000000dec00000, 0x00000000ded00000|  0%| F|  |TAMS 0x00000000dec00000, 0x00000000dec00000| Untracked 
|1005|0x00000000ded00000, 0x00000000ded00000, 0x00000000dee00000|  0%| F|  |TAMS 0x00000000ded00000, 0x00000000ded00000| Untracked 
|1006|0x00000000dee00000, 0x00000000dee00000, 0x00000000def00000|  0%| F|  |TAMS 0x00000000dee00000, 0x00000000dee00000| Untracked 
|1007|0x00000000def00000, 0x00000000def00000, 0x00000000df000000|  0%| F|  |TAMS 0x00000000def00000, 0x00000000def00000| Untracked 
|1008|0x00000000df000000, 0x00000000df000000, 0x00000000df100000|  0%| F|  |TAMS 0x00000000df000000, 0x00000000df000000| Untracked 
|1009|0x00000000df100000, 0x00000000df100000, 0x00000000df200000|  0%| F|  |TAMS 0x00000000df100000, 0x00000000df100000| Untracked 
|1010|0x00000000df200000, 0x00000000df200000, 0x00000000df300000|  0%| F|  |TAMS 0x00000000df200000, 0x00000000df200000| Untracked 
|1011|0x00000000df300000, 0x00000000df300000, 0x00000000df400000|  0%| F|  |TAMS 0x00000000df300000, 0x00000000df300000| Untracked 
|1012|0x00000000df400000, 0x00000000df400000, 0x00000000df500000|  0%| F|  |TAMS 0x00000000df400000, 0x00000000df400000| Untracked 
|1013|0x00000000df500000, 0x00000000df500000, 0x00000000df600000|  0%| F|  |TAMS 0x00000000df500000, 0x00000000df500000| Untracked 
|1014|0x00000000df600000, 0x00000000df600000, 0x00000000df700000|  0%| F|  |TAMS 0x00000000df600000, 0x00000000df600000| Untracked 
|1015|0x00000000df700000, 0x00000000df700000, 0x00000000df800000|  0%| F|  |TAMS 0x00000000df700000, 0x00000000df700000| Untracked 
|1016|0x00000000df800000, 0x00000000df800000, 0x00000000df900000|  0%| F|  |TAMS 0x00000000df800000, 0x00000000df800000| Untracked 
|1017|0x00000000df900000, 0x00000000df900000, 0x00000000dfa00000|  0%| F|  |TAMS 0x00000000df900000, 0x00000000df900000| Untracked 
|1018|0x00000000dfa00000, 0x00000000dfa00000, 0x00000000dfb00000|  0%| F|  |TAMS 0x00000000dfa00000, 0x00000000dfa00000| Untracked 
|1019|0x00000000dfb00000, 0x00000000dfb00000, 0x00000000dfc00000|  0%| F|  |TAMS 0x00000000dfb00000, 0x00000000dfb00000| Untracked 
|1020|0x00000000dfc00000, 0x00000000dfc00000, 0x00000000dfd00000|  0%| F|  |TAMS 0x00000000dfc00000, 0x00000000dfc00000| Untracked 
|1021|0x00000000dfd00000, 0x00000000dfd00000, 0x00000000dfe00000|  0%| F|  |TAMS 0x00000000dfd00000, 0x00000000dfd00000| Untracked 
|1022|0x00000000dfe00000, 0x00000000dfe00000, 0x00000000dff00000|  0%| F|  |TAMS 0x00000000dfe00000, 0x00000000dfe00000| Untracked 
|1023|0x00000000dff00000, 0x00000000dff00000, 0x00000000e0000000|  0%| F|  |TAMS 0x00000000dff00000, 0x00000000dff00000| Untracked 
|1024|0x00000000e0000000, 0x00000000e0000000, 0x00000000e0100000|  0%| F|  |TAMS 0x00000000e0000000, 0x00000000e0000000| Untracked 
|1025|0x00000000e0100000, 0x00000000e0100000, 0x00000000e0200000|  0%| F|  |TAMS 0x00000000e0100000, 0x00000000e0100000| Untracked 
|1026|0x00000000e0200000, 0x00000000e0200000, 0x00000000e0300000|  0%| F|  |TAMS 0x00000000e0200000, 0x00000000e0200000| Untracked 
|1027|0x00000000e0300000, 0x00000000e0300000, 0x00000000e0400000|  0%| F|  |TAMS 0x00000000e0300000, 0x00000000e0300000| Untracked 
|1028|0x00000000e0400000, 0x00000000e0400000, 0x00000000e0500000|  0%| F|  |TAMS 0x00000000e0400000, 0x00000000e0400000| Untracked 
|1029|0x00000000e0500000, 0x00000000e0500000, 0x00000000e0600000|  0%| F|  |TAMS 0x00000000e0500000, 0x00000000e0500000| Untracked 
|1030|0x00000000e0600000, 0x00000000e0600000, 0x00000000e0700000|  0%| F|  |TAMS 0x00000000e0600000, 0x00000000e0600000| Untracked 
|1031|0x00000000e0700000, 0x00000000e0700000, 0x00000000e0800000|  0%| F|  |TAMS 0x00000000e0700000, 0x00000000e0700000| Untracked 
|1032|0x00000000e0800000, 0x00000000e0800000, 0x00000000e0900000|  0%| F|  |TAMS 0x00000000e0800000, 0x00000000e0800000| Untracked 
|1033|0x00000000e0900000, 0x00000000e0900000, 0x00000000e0a00000|  0%| F|  |TAMS 0x00000000e0900000, 0x00000000e0900000| Untracked 
|1034|0x00000000e0a00000, 0x00000000e0a00000, 0x00000000e0b00000|  0%| F|  |TAMS 0x00000000e0a00000, 0x00000000e0a00000| Untracked 
|1035|0x00000000e0b00000, 0x00000000e0b00000, 0x00000000e0c00000|  0%| F|  |TAMS 0x00000000e0b00000, 0x00000000e0b00000| Untracked 
|1036|0x00000000e0c00000, 0x00000000e0c00000, 0x00000000e0d00000|  0%| F|  |TAMS 0x00000000e0c00000, 0x00000000e0c00000| Untracked 
|1037|0x00000000e0d00000, 0x00000000e0d00000, 0x00000000e0e00000|  0%| F|  |TAMS 0x00000000e0d00000, 0x00000000e0d00000| Untracked 
|1038|0x00000000e0e00000, 0x00000000e0e00000, 0x00000000e0f00000|  0%| F|  |TAMS 0x00000000e0e00000, 0x00000000e0e00000| Untracked 
|1039|0x00000000e0f00000, 0x00000000e0f00000, 0x00000000e1000000|  0%| F|  |TAMS 0x00000000e0f00000, 0x00000000e0f00000| Untracked 
|1040|0x00000000e1000000, 0x00000000e1000000, 0x00000000e1100000|  0%| F|  |TAMS 0x00000000e1000000, 0x00000000e1000000| Untracked 
|1041|0x00000000e1100000, 0x00000000e1100000, 0x00000000e1200000|  0%| F|  |TAMS 0x00000000e1100000, 0x00000000e1100000| Untracked 
|1042|0x00000000e1200000, 0x00000000e1200000, 0x00000000e1300000|  0%| F|  |TAMS 0x00000000e1200000, 0x00000000e1200000| Untracked 
|1043|0x00000000e1300000, 0x00000000e1300000, 0x00000000e1400000|  0%| F|  |TAMS 0x00000000e1300000, 0x00000000e1300000| Untracked 
|1044|0x00000000e1400000, 0x00000000e1400000, 0x00000000e1500000|  0%| F|  |TAMS 0x00000000e1400000, 0x00000000e1400000| Untracked 
|1045|0x00000000e1500000, 0x00000000e1500000, 0x00000000e1600000|  0%| F|  |TAMS 0x00000000e1500000, 0x00000000e1500000| Untracked 
|1046|0x00000000e1600000, 0x00000000e1600000, 0x00000000e1700000|  0%| F|  |TAMS 0x00000000e1600000, 0x00000000e1600000| Untracked 
|1047|0x00000000e1700000, 0x00000000e1700000, 0x00000000e1800000|  0%| F|  |TAMS 0x00000000e1700000, 0x00000000e1700000| Untracked 
|1048|0x00000000e1800000, 0x00000000e1800000, 0x00000000e1900000|  0%| F|  |TAMS 0x00000000e1800000, 0x00000000e1800000| Untracked 
|1049|0x00000000e1900000, 0x00000000e1900000, 0x00000000e1a00000|  0%| F|  |TAMS 0x00000000e1900000, 0x00000000e1900000| Untracked 
|1050|0x00000000e1a00000, 0x00000000e1a00000, 0x00000000e1b00000|  0%| F|  |TAMS 0x00000000e1a00000, 0x00000000e1a00000| Untracked 
|1051|0x00000000e1b00000, 0x00000000e1b00000, 0x00000000e1c00000|  0%| F|  |TAMS 0x00000000e1b00000, 0x00000000e1b00000| Untracked 
|1052|0x00000000e1c00000, 0x00000000e1c00000, 0x00000000e1d00000|  0%| F|  |TAMS 0x00000000e1c00000, 0x00000000e1c00000| Untracked 
|1053|0x00000000e1d00000, 0x00000000e1d00000, 0x00000000e1e00000|  0%| F|  |TAMS 0x00000000e1d00000, 0x00000000e1d00000| Untracked 
|1054|0x00000000e1e00000, 0x00000000e1e00000, 0x00000000e1f00000|  0%| F|  |TAMS 0x00000000e1e00000, 0x00000000e1e00000| Untracked 
|1055|0x00000000e1f00000, 0x00000000e1f00000, 0x00000000e2000000|  0%| F|  |TAMS 0x00000000e1f00000, 0x00000000e1f00000| Untracked 
|1056|0x00000000e2000000, 0x00000000e2000000, 0x00000000e2100000|  0%| F|  |TAMS 0x00000000e2000000, 0x00000000e2000000| Untracked 
|1057|0x00000000e2100000, 0x00000000e2100000, 0x00000000e2200000|  0%| F|  |TAMS 0x00000000e2100000, 0x00000000e2100000| Untracked 
|1058|0x00000000e2200000, 0x00000000e2200000, 0x00000000e2300000|  0%| F|  |TAMS 0x00000000e2200000, 0x00000000e2200000| Untracked 
|1059|0x00000000e2300000, 0x00000000e2300000, 0x00000000e2400000|  0%| F|  |TAMS 0x00000000e2300000, 0x00000000e2300000| Untracked 
|1060|0x00000000e2400000, 0x00000000e2400000, 0x00000000e2500000|  0%| F|  |TAMS 0x00000000e2400000, 0x00000000e2400000| Untracked 
|1061|0x00000000e2500000, 0x00000000e2500000, 0x00000000e2600000|  0%| F|  |TAMS 0x00000000e2500000, 0x00000000e2500000| Untracked 
|1062|0x00000000e2600000, 0x00000000e2600000, 0x00000000e2700000|  0%| F|  |TAMS 0x00000000e2600000, 0x00000000e2600000| Untracked 
|1063|0x00000000e2700000, 0x00000000e2700000, 0x00000000e2800000|  0%| F|  |TAMS 0x00000000e2700000, 0x00000000e2700000| Untracked 
|1064|0x00000000e2800000, 0x00000000e2800000, 0x00000000e2900000|  0%| F|  |TAMS 0x00000000e2800000, 0x00000000e2800000| Untracked 
|1065|0x00000000e2900000, 0x00000000e2900000, 0x00000000e2a00000|  0%| F|  |TAMS 0x00000000e2900000, 0x00000000e2900000| Untracked 
|1066|0x00000000e2a00000, 0x00000000e2a00000, 0x00000000e2b00000|  0%| F|  |TAMS 0x00000000e2a00000, 0x00000000e2a00000| Untracked 
|1067|0x00000000e2b00000, 0x00000000e2b00000, 0x00000000e2c00000|  0%| F|  |TAMS 0x00000000e2b00000, 0x00000000e2b00000| Untracked 
|1068|0x00000000e2c00000, 0x00000000e2c00000, 0x00000000e2d00000|  0%| F|  |TAMS 0x00000000e2c00000, 0x00000000e2c00000| Untracked 
|1069|0x00000000e2d00000, 0x00000000e2d00000, 0x00000000e2e00000|  0%| F|  |TAMS 0x00000000e2d00000, 0x00000000e2d00000| Untracked 
|1070|0x00000000e2e00000, 0x00000000e2e00000, 0x00000000e2f00000|  0%| F|  |TAMS 0x00000000e2e00000, 0x00000000e2e00000| Untracked 
|1071|0x00000000e2f00000, 0x00000000e2f00000, 0x00000000e3000000|  0%| F|  |TAMS 0x00000000e2f00000, 0x00000000e2f00000| Untracked 
|1072|0x00000000e3000000, 0x00000000e3000000, 0x00000000e3100000|  0%| F|  |TAMS 0x00000000e3000000, 0x00000000e3000000| Untracked 
|1073|0x00000000e3100000, 0x00000000e3100000, 0x00000000e3200000|  0%| F|  |TAMS 0x00000000e3100000, 0x00000000e3100000| Untracked 
|1074|0x00000000e3200000, 0x00000000e3200000, 0x00000000e3300000|  0%| F|  |TAMS 0x00000000e3200000, 0x00000000e3200000| Untracked 
|1075|0x00000000e3300000, 0x00000000e3300000, 0x00000000e3400000|  0%| F|  |TAMS 0x00000000e3300000, 0x00000000e3300000| Untracked 
|1076|0x00000000e3400000, 0x00000000e3400000, 0x00000000e3500000|  0%| F|  |TAMS 0x00000000e3400000, 0x00000000e3400000| Untracked 
|1077|0x00000000e3500000, 0x00000000e3500000, 0x00000000e3600000|  0%| F|  |TAMS 0x00000000e3500000, 0x00000000e3500000| Untracked 
|1078|0x00000000e3600000, 0x00000000e3600000, 0x00000000e3700000|  0%| F|  |TAMS 0x00000000e3600000, 0x00000000e3600000| Untracked 
|1079|0x00000000e3700000, 0x00000000e3700000, 0x00000000e3800000|  0%| F|  |TAMS 0x00000000e3700000, 0x00000000e3700000| Untracked 
|1080|0x00000000e3800000, 0x00000000e3800000, 0x00000000e3900000|  0%| F|  |TAMS 0x00000000e3800000, 0x00000000e3800000| Untracked 
|1081|0x00000000e3900000, 0x00000000e3900000, 0x00000000e3a00000|  0%| F|  |TAMS 0x00000000e3900000, 0x00000000e3900000| Untracked 
|1082|0x00000000e3a00000, 0x00000000e3b00000, 0x00000000e3b00000|100%| E|  |TAMS 0x00000000e3a00000, 0x00000000e3a00000| Complete 
|1083|0x00000000e3b00000, 0x00000000e3c00000, 0x00000000e3c00000|100%| E|CS|TAMS 0x00000000e3b00000, 0x00000000e3b00000| Complete 
|1084|0x00000000e3c00000, 0x00000000e3d00000, 0x00000000e3d00000|100%| E|CS|TAMS 0x00000000e3c00000, 0x00000000e3c00000| Complete 
|1085|0x00000000e3d00000, 0x00000000e3e00000, 0x00000000e3e00000|100%| E|CS|TAMS 0x00000000e3d00000, 0x00000000e3d00000| Complete 
|1086|0x00000000e3e00000, 0x00000000e3f00000, 0x00000000e3f00000|100%| E|  |TAMS 0x00000000e3e00000, 0x00000000e3e00000| Complete 
|1087|0x00000000e3f00000, 0x00000000e4000000, 0x00000000e4000000|100%| E|CS|TAMS 0x00000000e3f00000, 0x00000000e3f00000| Complete 
|1088|0x00000000e4000000, 0x00000000e4100000, 0x00000000e4100000|100%| E|CS|TAMS 0x00000000e4000000, 0x00000000e4000000| Complete 
|1089|0x00000000e4100000, 0x00000000e4200000, 0x00000000e4200000|100%| E|CS|TAMS 0x00000000e4100000, 0x00000000e4100000| Complete 
|1090|0x00000000e4200000, 0x00000000e4300000, 0x00000000e4300000|100%| E|CS|TAMS 0x00000000e4200000, 0x00000000e4200000| Complete 
|1091|0x00000000e4300000, 0x00000000e4400000, 0x00000000e4400000|100%| E|CS|TAMS 0x00000000e4300000, 0x00000000e4300000| Complete 
|1092|0x00000000e4400000, 0x00000000e4500000, 0x00000000e4500000|100%| E|CS|TAMS 0x00000000e4400000, 0x00000000e4400000| Complete 
|1093|0x00000000e4500000, 0x00000000e4600000, 0x00000000e4600000|100%| E|CS|TAMS 0x00000000e4500000, 0x00000000e4500000| Complete 
|1094|0x00000000e4600000, 0x00000000e4700000, 0x00000000e4700000|100%| E|CS|TAMS 0x00000000e4600000, 0x00000000e4600000| Complete 
|1095|0x00000000e4700000, 0x00000000e4800000, 0x00000000e4800000|100%| E|CS|TAMS 0x00000000e4700000, 0x00000000e4700000| Complete 
|1096|0x00000000e4800000, 0x00000000e4900000, 0x00000000e4900000|100%| E|CS|TAMS 0x00000000e4800000, 0x00000000e4800000| Complete 
|1097|0x00000000e4900000, 0x00000000e4a00000, 0x00000000e4a00000|100%| E|CS|TAMS 0x00000000e4900000, 0x00000000e4900000| Complete 
|1098|0x00000000e4a00000, 0x00000000e4b00000, 0x00000000e4b00000|100%| E|CS|TAMS 0x00000000e4a00000, 0x00000000e4a00000| Complete 
|1099|0x00000000e4b00000, 0x00000000e4c00000, 0x00000000e4c00000|100%| E|CS|TAMS 0x00000000e4b00000, 0x00000000e4b00000| Complete 
|1100|0x00000000e4c00000, 0x00000000e4d00000, 0x00000000e4d00000|100%| E|CS|TAMS 0x00000000e4c00000, 0x00000000e4c00000| Complete 
|1101|0x00000000e4d00000, 0x00000000e4e00000, 0x00000000e4e00000|100%| E|CS|TAMS 0x00000000e4d00000, 0x00000000e4d00000| Complete 
|1102|0x00000000e4e00000, 0x00000000e4f00000, 0x00000000e4f00000|100%| E|CS|TAMS 0x00000000e4e00000, 0x00000000e4e00000| Complete 
|1103|0x00000000e4f00000, 0x00000000e5000000, 0x00000000e5000000|100%| E|CS|TAMS 0x00000000e4f00000, 0x00000000e4f00000| Complete 
|1104|0x00000000e5000000, 0x00000000e5100000, 0x00000000e5100000|100%| E|CS|TAMS 0x00000000e5000000, 0x00000000e5000000| Complete 
|1105|0x00000000e5100000, 0x00000000e5200000, 0x00000000e5200000|100%| E|CS|TAMS 0x00000000e5100000, 0x00000000e5100000| Complete 
|1106|0x00000000e5200000, 0x00000000e5300000, 0x00000000e5300000|100%| E|CS|TAMS 0x00000000e5200000, 0x00000000e5200000| Complete 
|1107|0x00000000e5300000, 0x00000000e5400000, 0x00000000e5400000|100%| E|CS|TAMS 0x00000000e5300000, 0x00000000e5300000| Complete 
|1108|0x00000000e5400000, 0x00000000e5500000, 0x00000000e5500000|100%| E|CS|TAMS 0x00000000e5400000, 0x00000000e5400000| Complete 
|1109|0x00000000e5500000, 0x00000000e5600000, 0x00000000e5600000|100%| E|CS|TAMS 0x00000000e5500000, 0x00000000e5500000| Complete 
|1110|0x00000000e5600000, 0x00000000e5700000, 0x00000000e5700000|100%| E|CS|TAMS 0x00000000e5600000, 0x00000000e5600000| Complete 
|1111|0x00000000e5700000, 0x00000000e5800000, 0x00000000e5800000|100%| E|CS|TAMS 0x00000000e5700000, 0x00000000e5700000| Complete 
|1112|0x00000000e5800000, 0x00000000e5900000, 0x00000000e5900000|100%| E|CS|TAMS 0x00000000e5800000, 0x00000000e5800000| Complete 
|1113|0x00000000e5900000, 0x00000000e5a00000, 0x00000000e5a00000|100%| E|CS|TAMS 0x00000000e5900000, 0x00000000e5900000| Complete 
|1114|0x00000000e5a00000, 0x00000000e5b00000, 0x00000000e5b00000|100%| E|CS|TAMS 0x00000000e5a00000, 0x00000000e5a00000| Complete 
|1115|0x00000000e5b00000, 0x00000000e5c00000, 0x00000000e5c00000|100%| E|CS|TAMS 0x00000000e5b00000, 0x00000000e5b00000| Complete 
|1116|0x00000000e5c00000, 0x00000000e5d00000, 0x00000000e5d00000|100%| E|CS|TAMS 0x00000000e5c00000, 0x00000000e5c00000| Complete 
|1117|0x00000000e5d00000, 0x00000000e5e00000, 0x00000000e5e00000|100%| E|CS|TAMS 0x00000000e5d00000, 0x00000000e5d00000| Complete 
|1118|0x00000000e5e00000, 0x00000000e5f00000, 0x00000000e5f00000|100%| E|CS|TAMS 0x00000000e5e00000, 0x00000000e5e00000| Complete 
|1119|0x00000000e5f00000, 0x00000000e6000000, 0x00000000e6000000|100%| E|CS|TAMS 0x00000000e5f00000, 0x00000000e5f00000| Complete 
|1120|0x00000000e6000000, 0x00000000e6100000, 0x00000000e6100000|100%| E|CS|TAMS 0x00000000e6000000, 0x00000000e6000000| Complete 
|1121|0x00000000e6100000, 0x00000000e6200000, 0x00000000e6200000|100%| E|CS|TAMS 0x00000000e6100000, 0x00000000e6100000| Complete 
|1122|0x00000000e6200000, 0x00000000e6300000, 0x00000000e6300000|100%| E|CS|TAMS 0x00000000e6200000, 0x00000000e6200000| Complete 
|1123|0x00000000e6300000, 0x00000000e6400000, 0x00000000e6400000|100%| E|CS|TAMS 0x00000000e6300000, 0x00000000e6300000| Complete 
|1124|0x00000000e6400000, 0x00000000e6500000, 0x00000000e6500000|100%| E|CS|TAMS 0x00000000e6400000, 0x00000000e6400000| Complete 
|1125|0x00000000e6500000, 0x00000000e6600000, 0x00000000e6600000|100%| E|CS|TAMS 0x00000000e6500000, 0x00000000e6500000| Complete 
|1126|0x00000000e6600000, 0x00000000e6700000, 0x00000000e6700000|100%| E|CS|TAMS 0x00000000e6600000, 0x00000000e6600000| Complete 
|1127|0x00000000e6700000, 0x00000000e6800000, 0x00000000e6800000|100%| E|CS|TAMS 0x00000000e6700000, 0x00000000e6700000| Complete 
|1128|0x00000000e6800000, 0x00000000e6900000, 0x00000000e6900000|100%| E|CS|TAMS 0x00000000e6800000, 0x00000000e6800000| Complete 
|1129|0x00000000e6900000, 0x00000000e6a00000, 0x00000000e6a00000|100%| E|CS|TAMS 0x00000000e6900000, 0x00000000e6900000| Complete 
|1130|0x00000000e6a00000, 0x00000000e6b00000, 0x00000000e6b00000|100%| E|CS|TAMS 0x00000000e6a00000, 0x00000000e6a00000| Complete 
|1131|0x00000000e6b00000, 0x00000000e6c00000, 0x00000000e6c00000|100%| E|CS|TAMS 0x00000000e6b00000, 0x00000000e6b00000| Complete 
|1132|0x00000000e6c00000, 0x00000000e6d00000, 0x00000000e6d00000|100%| E|CS|TAMS 0x00000000e6c00000, 0x00000000e6c00000| Complete 
|1133|0x00000000e6d00000, 0x00000000e6e00000, 0x00000000e6e00000|100%| E|CS|TAMS 0x00000000e6d00000, 0x00000000e6d00000| Complete 
|1134|0x00000000e6e00000, 0x00000000e6f00000, 0x00000000e6f00000|100%| E|CS|TAMS 0x00000000e6e00000, 0x00000000e6e00000| Complete 
|1135|0x00000000e6f00000, 0x00000000e7000000, 0x00000000e7000000|100%| E|CS|TAMS 0x00000000e6f00000, 0x00000000e6f00000| Complete 
|1136|0x00000000e7000000, 0x00000000e7100000, 0x00000000e7100000|100%| E|CS|TAMS 0x00000000e7000000, 0x00000000e7000000| Complete 
|1137|0x00000000e7100000, 0x00000000e7200000, 0x00000000e7200000|100%| E|CS|TAMS 0x00000000e7100000, 0x00000000e7100000| Complete 
|1138|0x00000000e7200000, 0x00000000e7300000, 0x00000000e7300000|100%| E|CS|TAMS 0x00000000e7200000, 0x00000000e7200000| Complete 
|1139|0x00000000e7300000, 0x00000000e7400000, 0x00000000e7400000|100%| E|CS|TAMS 0x00000000e7300000, 0x00000000e7300000| Complete 
|1140|0x00000000e7400000, 0x00000000e7500000, 0x00000000e7500000|100%| E|CS|TAMS 0x00000000e7400000, 0x00000000e7400000| Complete 
|1141|0x00000000e7500000, 0x00000000e7600000, 0x00000000e7600000|100%| E|CS|TAMS 0x00000000e7500000, 0x00000000e7500000| Complete 
|1142|0x00000000e7600000, 0x00000000e7700000, 0x00000000e7700000|100%| E|CS|TAMS 0x00000000e7600000, 0x00000000e7600000| Complete 
|1143|0x00000000e7700000, 0x00000000e7800000, 0x00000000e7800000|100%| E|CS|TAMS 0x00000000e7700000, 0x00000000e7700000| Complete 
|1144|0x00000000e7800000, 0x00000000e7900000, 0x00000000e7900000|100%| E|CS|TAMS 0x00000000e7800000, 0x00000000e7800000| Complete 
|1145|0x00000000e7900000, 0x00000000e7a00000, 0x00000000e7a00000|100%| E|CS|TAMS 0x00000000e7900000, 0x00000000e7900000| Complete 
|1146|0x00000000e7a00000, 0x00000000e7b00000, 0x00000000e7b00000|100%| E|CS|TAMS 0x00000000e7a00000, 0x00000000e7a00000| Complete 
|1147|0x00000000e7b00000, 0x00000000e7c00000, 0x00000000e7c00000|100%| E|CS|TAMS 0x00000000e7b00000, 0x00000000e7b00000| Complete 
|1148|0x00000000e7c00000, 0x00000000e7d00000, 0x00000000e7d00000|100%| E|CS|TAMS 0x00000000e7c00000, 0x00000000e7c00000| Complete 
|1149|0x00000000e7d00000, 0x00000000e7e00000, 0x00000000e7e00000|100%| E|CS|TAMS 0x00000000e7d00000, 0x00000000e7d00000| Complete 
|1150|0x00000000e7e00000, 0x00000000e7f00000, 0x00000000e7f00000|100%| E|CS|TAMS 0x00000000e7e00000, 0x00000000e7e00000| Complete 
|1151|0x00000000e7f00000, 0x00000000e8000000, 0x00000000e8000000|100%| E|CS|TAMS 0x00000000e7f00000, 0x00000000e7f00000| Complete 
|1152|0x00000000e8000000, 0x00000000e8100000, 0x00000000e8100000|100%| E|CS|TAMS 0x00000000e8000000, 0x00000000e8000000| Complete 
|1153|0x00000000e8100000, 0x00000000e8200000, 0x00000000e8200000|100%| E|CS|TAMS 0x00000000e8100000, 0x00000000e8100000| Complete 
|1154|0x00000000e8200000, 0x00000000e8300000, 0x00000000e8300000|100%| E|CS|TAMS 0x00000000e8200000, 0x00000000e8200000| Complete 
|1155|0x00000000e8300000, 0x00000000e8400000, 0x00000000e8400000|100%| E|CS|TAMS 0x00000000e8300000, 0x00000000e8300000| Complete 
|1156|0x00000000e8400000, 0x00000000e8500000, 0x00000000e8500000|100%| E|CS|TAMS 0x00000000e8400000, 0x00000000e8400000| Complete 
|1157|0x00000000e8500000, 0x00000000e8600000, 0x00000000e8600000|100%| E|CS|TAMS 0x00000000e8500000, 0x00000000e8500000| Complete 
|1158|0x00000000e8600000, 0x00000000e8700000, 0x00000000e8700000|100%| E|CS|TAMS 0x00000000e8600000, 0x00000000e8600000| Complete 
|1159|0x00000000e8700000, 0x00000000e8800000, 0x00000000e8800000|100%| E|CS|TAMS 0x00000000e8700000, 0x00000000e8700000| Complete 
|1160|0x00000000e8800000, 0x00000000e8900000, 0x00000000e8900000|100%| E|CS|TAMS 0x00000000e8800000, 0x00000000e8800000| Complete 
|1161|0x00000000e8900000, 0x00000000e8a00000, 0x00000000e8a00000|100%| E|CS|TAMS 0x00000000e8900000, 0x00000000e8900000| Complete 
|1162|0x00000000e8a00000, 0x00000000e8b00000, 0x00000000e8b00000|100%| E|CS|TAMS 0x00000000e8a00000, 0x00000000e8a00000| Complete 
|1163|0x00000000e8b00000, 0x00000000e8c00000, 0x00000000e8c00000|100%| E|CS|TAMS 0x00000000e8b00000, 0x00000000e8b00000| Complete 
|1164|0x00000000e8c00000, 0x00000000e8d00000, 0x00000000e8d00000|100%| E|CS|TAMS 0x00000000e8c00000, 0x00000000e8c00000| Complete 
|1165|0x00000000e8d00000, 0x00000000e8e00000, 0x00000000e8e00000|100%| E|CS|TAMS 0x00000000e8d00000, 0x00000000e8d00000| Complete 
|1166|0x00000000e8e00000, 0x00000000e8f00000, 0x00000000e8f00000|100%| E|CS|TAMS 0x00000000e8e00000, 0x00000000e8e00000| Complete 
|1167|0x00000000e8f00000, 0x00000000e9000000, 0x00000000e9000000|100%| E|CS|TAMS 0x00000000e8f00000, 0x00000000e8f00000| Complete 
|1168|0x00000000e9000000, 0x00000000e9100000, 0x00000000e9100000|100%| E|CS|TAMS 0x00000000e9000000, 0x00000000e9000000| Complete 
|1169|0x00000000e9100000, 0x00000000e9200000, 0x00000000e9200000|100%| E|CS|TAMS 0x00000000e9100000, 0x00000000e9100000| Complete 
|1170|0x00000000e9200000, 0x00000000e9300000, 0x00000000e9300000|100%| E|CS|TAMS 0x00000000e9200000, 0x00000000e9200000| Complete 
|1171|0x00000000e9300000, 0x00000000e9400000, 0x00000000e9400000|100%| E|CS|TAMS 0x00000000e9300000, 0x00000000e9300000| Complete 
|1172|0x00000000e9400000, 0x00000000e9500000, 0x00000000e9500000|100%| E|CS|TAMS 0x00000000e9400000, 0x00000000e9400000| Complete 
|1173|0x00000000e9500000, 0x00000000e9600000, 0x00000000e9600000|100%| E|CS|TAMS 0x00000000e9500000, 0x00000000e9500000| Complete 
|1174|0x00000000e9600000, 0x00000000e9700000, 0x00000000e9700000|100%| E|CS|TAMS 0x00000000e9600000, 0x00000000e9600000| Complete 
|1175|0x00000000e9700000, 0x00000000e9800000, 0x00000000e9800000|100%| E|CS|TAMS 0x00000000e9700000, 0x00000000e9700000| Complete 
|1176|0x00000000e9800000, 0x00000000e9900000, 0x00000000e9900000|100%| E|CS|TAMS 0x00000000e9800000, 0x00000000e9800000| Complete 
|1177|0x00000000e9900000, 0x00000000e9a00000, 0x00000000e9a00000|100%| E|CS|TAMS 0x00000000e9900000, 0x00000000e9900000| Complete 
|1178|0x00000000e9a00000, 0x00000000e9b00000, 0x00000000e9b00000|100%| E|CS|TAMS 0x00000000e9a00000, 0x00000000e9a00000| Complete 
|1179|0x00000000e9b00000, 0x00000000e9c00000, 0x00000000e9c00000|100%| E|CS|TAMS 0x00000000e9b00000, 0x00000000e9b00000| Complete 
|1180|0x00000000e9c00000, 0x00000000e9d00000, 0x00000000e9d00000|100%| E|CS|TAMS 0x00000000e9c00000, 0x00000000e9c00000| Complete 
|1181|0x00000000e9d00000, 0x00000000e9e00000, 0x00000000e9e00000|100%| E|CS|TAMS 0x00000000e9d00000, 0x00000000e9d00000| Complete 
|1182|0x00000000e9e00000, 0x00000000e9f00000, 0x00000000e9f00000|100%| E|CS|TAMS 0x00000000e9e00000, 0x00000000e9e00000| Complete 
|1183|0x00000000e9f00000, 0x00000000ea000000, 0x00000000ea000000|100%| E|CS|TAMS 0x00000000e9f00000, 0x00000000e9f00000| Complete 
|1184|0x00000000ea000000, 0x00000000ea100000, 0x00000000ea100000|100%| E|CS|TAMS 0x00000000ea000000, 0x00000000ea000000| Complete 
|1185|0x00000000ea100000, 0x00000000ea200000, 0x00000000ea200000|100%| E|CS|TAMS 0x00000000ea100000, 0x00000000ea100000| Complete 
|1186|0x00000000ea200000, 0x00000000ea300000, 0x00000000ea300000|100%| E|CS|TAMS 0x00000000ea200000, 0x00000000ea200000| Complete 
|1187|0x00000000ea300000, 0x00000000ea400000, 0x00000000ea400000|100%| E|CS|TAMS 0x00000000ea300000, 0x00000000ea300000| Complete 
|1188|0x00000000ea400000, 0x00000000ea500000, 0x00000000ea500000|100%| E|CS|TAMS 0x00000000ea400000, 0x00000000ea400000| Complete 
|1189|0x00000000ea500000, 0x00000000ea600000, 0x00000000ea600000|100%| E|CS|TAMS 0x00000000ea500000, 0x00000000ea500000| Complete 
|1190|0x00000000ea600000, 0x00000000ea700000, 0x00000000ea700000|100%| E|CS|TAMS 0x00000000ea600000, 0x00000000ea600000| Complete 
|1191|0x00000000ea700000, 0x00000000ea800000, 0x00000000ea800000|100%| E|CS|TAMS 0x00000000ea700000, 0x00000000ea700000| Complete 
|1192|0x00000000ea800000, 0x00000000ea900000, 0x00000000ea900000|100%| E|CS|TAMS 0x00000000ea800000, 0x00000000ea800000| Complete 
|1193|0x00000000ea900000, 0x00000000eaa00000, 0x00000000eaa00000|100%| E|CS|TAMS 0x00000000ea900000, 0x00000000ea900000| Complete 
|1194|0x00000000eaa00000, 0x00000000eab00000, 0x00000000eab00000|100%| E|CS|TAMS 0x00000000eaa00000, 0x00000000eaa00000| Complete 
|1195|0x00000000eab00000, 0x00000000eac00000, 0x00000000eac00000|100%| E|CS|TAMS 0x00000000eab00000, 0x00000000eab00000| Complete 
|1196|0x00000000eac00000, 0x00000000ead00000, 0x00000000ead00000|100%| E|CS|TAMS 0x00000000eac00000, 0x00000000eac00000| Complete 
|1197|0x00000000ead00000, 0x00000000eae00000, 0x00000000eae00000|100%| E|CS|TAMS 0x00000000ead00000, 0x00000000ead00000| Complete 
|1198|0x00000000eae00000, 0x00000000eaf00000, 0x00000000eaf00000|100%| E|CS|TAMS 0x00000000eae00000, 0x00000000eae00000| Complete 
|1199|0x00000000eaf00000, 0x00000000eb000000, 0x00000000eb000000|100%| E|CS|TAMS 0x00000000eaf00000, 0x00000000eaf00000| Complete 
|1200|0x00000000eb000000, 0x00000000eb100000, 0x00000000eb100000|100%| E|CS|TAMS 0x00000000eb000000, 0x00000000eb000000| Complete 
|1201|0x00000000eb100000, 0x00000000eb200000, 0x00000000eb200000|100%| E|CS|TAMS 0x00000000eb100000, 0x00000000eb100000| Complete 
|1202|0x00000000eb200000, 0x00000000eb300000, 0x00000000eb300000|100%| E|CS|TAMS 0x00000000eb200000, 0x00000000eb200000| Complete 
|1203|0x00000000eb300000, 0x00000000eb400000, 0x00000000eb400000|100%| E|CS|TAMS 0x00000000eb300000, 0x00000000eb300000| Complete 
|1204|0x00000000eb400000, 0x00000000eb500000, 0x00000000eb500000|100%| E|CS|TAMS 0x00000000eb400000, 0x00000000eb400000| Complete 
|1205|0x00000000eb500000, 0x00000000eb600000, 0x00000000eb600000|100%| E|CS|TAMS 0x00000000eb500000, 0x00000000eb500000| Complete 
|1206|0x00000000eb600000, 0x00000000eb700000, 0x00000000eb700000|100%| E|CS|TAMS 0x00000000eb600000, 0x00000000eb600000| Complete 
|1207|0x00000000eb700000, 0x00000000eb800000, 0x00000000eb800000|100%| E|CS|TAMS 0x00000000eb700000, 0x00000000eb700000| Complete 
|1208|0x00000000eb800000, 0x00000000eb900000, 0x00000000eb900000|100%| E|CS|TAMS 0x00000000eb800000, 0x00000000eb800000| Complete 
|1209|0x00000000eb900000, 0x00000000eba00000, 0x00000000eba00000|100%| E|CS|TAMS 0x00000000eb900000, 0x00000000eb900000| Complete 
|1210|0x00000000eba00000, 0x00000000ebb00000, 0x00000000ebb00000|100%| E|CS|TAMS 0x00000000eba00000, 0x00000000eba00000| Complete 
|1211|0x00000000ebb00000, 0x00000000ebc00000, 0x00000000ebc00000|100%| E|CS|TAMS 0x00000000ebb00000, 0x00000000ebb00000| Complete 
|1212|0x00000000ebc00000, 0x00000000ebd00000, 0x00000000ebd00000|100%| E|CS|TAMS 0x00000000ebc00000, 0x00000000ebc00000| Complete 
|1213|0x00000000ebd00000, 0x00000000ebe00000, 0x00000000ebe00000|100%| E|CS|TAMS 0x00000000ebd00000, 0x00000000ebd00000| Complete 
|1214|0x00000000ebe00000, 0x00000000ebf00000, 0x00000000ebf00000|100%| E|CS|TAMS 0x00000000ebe00000, 0x00000000ebe00000| Complete 
|1215|0x00000000ebf00000, 0x00000000ec000000, 0x00000000ec000000|100%| E|CS|TAMS 0x00000000ebf00000, 0x00000000ebf00000| Complete 
|1216|0x00000000ec000000, 0x00000000ec100000, 0x00000000ec100000|100%| E|CS|TAMS 0x00000000ec000000, 0x00000000ec000000| Complete 
|1217|0x00000000ec100000, 0x00000000ec200000, 0x00000000ec200000|100%| E|CS|TAMS 0x00000000ec100000, 0x00000000ec100000| Complete 
|1218|0x00000000ec200000, 0x00000000ec300000, 0x00000000ec300000|100%| E|CS|TAMS 0x00000000ec200000, 0x00000000ec200000| Complete 
|1219|0x00000000ec300000, 0x00000000ec400000, 0x00000000ec400000|100%| E|CS|TAMS 0x00000000ec300000, 0x00000000ec300000| Complete 
|1220|0x00000000ec400000, 0x00000000ec500000, 0x00000000ec500000|100%| E|CS|TAMS 0x00000000ec400000, 0x00000000ec400000| Complete 
|1221|0x00000000ec500000, 0x00000000ec600000, 0x00000000ec600000|100%| E|CS|TAMS 0x00000000ec500000, 0x00000000ec500000| Complete 
|1222|0x00000000ec600000, 0x00000000ec700000, 0x00000000ec700000|100%| E|CS|TAMS 0x00000000ec600000, 0x00000000ec600000| Complete 
|1223|0x00000000ec700000, 0x00000000ec800000, 0x00000000ec800000|100%| E|CS|TAMS 0x00000000ec700000, 0x00000000ec700000| Complete 
|1224|0x00000000ec800000, 0x00000000ec900000, 0x00000000ec900000|100%| E|CS|TAMS 0x00000000ec800000, 0x00000000ec800000| Complete 
|1225|0x00000000ec900000, 0x00000000eca00000, 0x00000000eca00000|100%| E|CS|TAMS 0x00000000ec900000, 0x00000000ec900000| Complete 
|1226|0x00000000eca00000, 0x00000000ecb00000, 0x00000000ecb00000|100%| E|CS|TAMS 0x00000000eca00000, 0x00000000eca00000| Complete 
|1227|0x00000000ecb00000, 0x00000000ecc00000, 0x00000000ecc00000|100%| E|CS|TAMS 0x00000000ecb00000, 0x00000000ecb00000| Complete 
|1228|0x00000000ecc00000, 0x00000000ecd00000, 0x00000000ecd00000|100%| E|CS|TAMS 0x00000000ecc00000, 0x00000000ecc00000| Complete 
|1229|0x00000000ecd00000, 0x00000000ece00000, 0x00000000ece00000|100%| E|CS|TAMS 0x00000000ecd00000, 0x00000000ecd00000| Complete 
|1230|0x00000000ece00000, 0x00000000ecf00000, 0x00000000ecf00000|100%| E|CS|TAMS 0x00000000ece00000, 0x00000000ece00000| Complete 
|1231|0x00000000ecf00000, 0x00000000ed000000, 0x00000000ed000000|100%| E|CS|TAMS 0x00000000ecf00000, 0x00000000ecf00000| Complete 
|1232|0x00000000ed000000, 0x00000000ed100000, 0x00000000ed100000|100%| E|CS|TAMS 0x00000000ed000000, 0x00000000ed000000| Complete 
|1233|0x00000000ed100000, 0x00000000ed200000, 0x00000000ed200000|100%| E|CS|TAMS 0x00000000ed100000, 0x00000000ed100000| Complete 
|1234|0x00000000ed200000, 0x00000000ed300000, 0x00000000ed300000|100%| E|CS|TAMS 0x00000000ed200000, 0x00000000ed200000| Complete 
|1235|0x00000000ed300000, 0x00000000ed400000, 0x00000000ed400000|100%| E|CS|TAMS 0x00000000ed300000, 0x00000000ed300000| Complete 
|1236|0x00000000ed400000, 0x00000000ed500000, 0x00000000ed500000|100%| E|CS|TAMS 0x00000000ed400000, 0x00000000ed400000| Complete 
|1237|0x00000000ed500000, 0x00000000ed600000, 0x00000000ed600000|100%| E|CS|TAMS 0x00000000ed500000, 0x00000000ed500000| Complete 
|1238|0x00000000ed600000, 0x00000000ed700000, 0x00000000ed700000|100%| E|CS|TAMS 0x00000000ed600000, 0x00000000ed600000| Complete 
|1239|0x00000000ed700000, 0x00000000ed800000, 0x00000000ed800000|100%| E|CS|TAMS 0x00000000ed700000, 0x00000000ed700000| Complete 
|1240|0x00000000ed800000, 0x00000000ed900000, 0x00000000ed900000|100%| E|CS|TAMS 0x00000000ed800000, 0x00000000ed800000| Complete 
|1241|0x00000000ed900000, 0x00000000eda00000, 0x00000000eda00000|100%| E|CS|TAMS 0x00000000ed900000, 0x00000000ed900000| Complete 
|1242|0x00000000eda00000, 0x00000000edb00000, 0x00000000edb00000|100%| E|CS|TAMS 0x00000000eda00000, 0x00000000eda00000| Complete 
|1243|0x00000000edb00000, 0x00000000edc00000, 0x00000000edc00000|100%| E|CS|TAMS 0x00000000edb00000, 0x00000000edb00000| Complete 
|1244|0x00000000edc00000, 0x00000000edd00000, 0x00000000edd00000|100%| E|CS|TAMS 0x00000000edc00000, 0x00000000edc00000| Complete 
|1245|0x00000000edd00000, 0x00000000ede00000, 0x00000000ede00000|100%| E|CS|TAMS 0x00000000edd00000, 0x00000000edd00000| Complete 
|1246|0x00000000ede00000, 0x00000000edf00000, 0x00000000edf00000|100%| E|CS|TAMS 0x00000000ede00000, 0x00000000ede00000| Complete 
|1247|0x00000000edf00000, 0x00000000ee000000, 0x00000000ee000000|100%| E|CS|TAMS 0x00000000edf00000, 0x00000000edf00000| Complete 
|1248|0x00000000ee000000, 0x00000000ee100000, 0x00000000ee100000|100%| E|CS|TAMS 0x00000000ee000000, 0x00000000ee000000| Complete 
|1249|0x00000000ee100000, 0x00000000ee200000, 0x00000000ee200000|100%| E|CS|TAMS 0x00000000ee100000, 0x00000000ee100000| Complete 
|1250|0x00000000ee200000, 0x00000000ee300000, 0x00000000ee300000|100%| E|CS|TAMS 0x00000000ee200000, 0x00000000ee200000| Complete 
|1251|0x00000000ee300000, 0x00000000ee400000, 0x00000000ee400000|100%| E|CS|TAMS 0x00000000ee300000, 0x00000000ee300000| Complete 
|1252|0x00000000ee400000, 0x00000000ee500000, 0x00000000ee500000|100%| E|CS|TAMS 0x00000000ee400000, 0x00000000ee400000| Complete 
|1253|0x00000000ee500000, 0x00000000ee600000, 0x00000000ee600000|100%| E|CS|TAMS 0x00000000ee500000, 0x00000000ee500000| Complete 
|1254|0x00000000ee600000, 0x00000000ee700000, 0x00000000ee700000|100%| E|CS|TAMS 0x00000000ee600000, 0x00000000ee600000| Complete 
|1255|0x00000000ee700000, 0x00000000ee800000, 0x00000000ee800000|100%| E|CS|TAMS 0x00000000ee700000, 0x00000000ee700000| Complete 
|1256|0x00000000ee800000, 0x00000000ee900000, 0x00000000ee900000|100%| E|CS|TAMS 0x00000000ee800000, 0x00000000ee800000| Complete 
|1257|0x00000000ee900000, 0x00000000eea00000, 0x00000000eea00000|100%| E|CS|TAMS 0x00000000ee900000, 0x00000000ee900000| Complete 
|1258|0x00000000eea00000, 0x00000000eeb00000, 0x00000000eeb00000|100%| E|CS|TAMS 0x00000000eea00000, 0x00000000eea00000| Complete 
|1259|0x00000000eeb00000, 0x00000000eec00000, 0x00000000eec00000|100%| E|CS|TAMS 0x00000000eeb00000, 0x00000000eeb00000| Complete 
|1260|0x00000000eec00000, 0x00000000eed00000, 0x00000000eed00000|100%| E|CS|TAMS 0x00000000eec00000, 0x00000000eec00000| Complete 
|1261|0x00000000eed00000, 0x00000000eee00000, 0x00000000eee00000|100%| E|CS|TAMS 0x00000000eed00000, 0x00000000eed00000| Complete 
|1262|0x00000000eee00000, 0x00000000eef00000, 0x00000000eef00000|100%| E|CS|TAMS 0x00000000eee00000, 0x00000000eee00000| Complete 
|1263|0x00000000eef00000, 0x00000000ef000000, 0x00000000ef000000|100%| E|CS|TAMS 0x00000000eef00000, 0x00000000eef00000| Complete 
|1264|0x00000000ef000000, 0x00000000ef100000, 0x00000000ef100000|100%| E|CS|TAMS 0x00000000ef000000, 0x00000000ef000000| Complete 
|1265|0x00000000ef100000, 0x00000000ef200000, 0x00000000ef200000|100%| E|CS|TAMS 0x00000000ef100000, 0x00000000ef100000| Complete 
|1266|0x00000000ef200000, 0x00000000ef300000, 0x00000000ef300000|100%| E|CS|TAMS 0x00000000ef200000, 0x00000000ef200000| Complete 
|1267|0x00000000ef300000, 0x00000000ef400000, 0x00000000ef400000|100%| E|CS|TAMS 0x00000000ef300000, 0x00000000ef300000| Complete 
|1268|0x00000000ef400000, 0x00000000ef500000, 0x00000000ef500000|100%| E|CS|TAMS 0x00000000ef400000, 0x00000000ef400000| Complete 
|1269|0x00000000ef500000, 0x00000000ef600000, 0x00000000ef600000|100%| E|CS|TAMS 0x00000000ef500000, 0x00000000ef500000| Complete 
|1270|0x00000000ef600000, 0x00000000ef700000, 0x00000000ef700000|100%| E|CS|TAMS 0x00000000ef600000, 0x00000000ef600000| Complete 
|1271|0x00000000ef700000, 0x00000000ef800000, 0x00000000ef800000|100%| E|CS|TAMS 0x00000000ef700000, 0x00000000ef700000| Complete 
|1272|0x00000000ef800000, 0x00000000ef900000, 0x00000000ef900000|100%| E|CS|TAMS 0x00000000ef800000, 0x00000000ef800000| Complete 
|1273|0x00000000ef900000, 0x00000000efa00000, 0x00000000efa00000|100%| E|CS|TAMS 0x00000000ef900000, 0x00000000ef900000| Complete 
|1274|0x00000000efa00000, 0x00000000efb00000, 0x00000000efb00000|100%| E|CS|TAMS 0x00000000efa00000, 0x00000000efa00000| Complete 
|1275|0x00000000efb00000, 0x00000000efc00000, 0x00000000efc00000|100%| E|CS|TAMS 0x00000000efb00000, 0x00000000efb00000| Complete 
|1276|0x00000000efc00000, 0x00000000efd00000, 0x00000000efd00000|100%| E|CS|TAMS 0x00000000efc00000, 0x00000000efc00000| Complete 
|1277|0x00000000efd00000, 0x00000000efe00000, 0x00000000efe00000|100%| E|CS|TAMS 0x00000000efd00000, 0x00000000efd00000| Complete 
|1278|0x00000000efe00000, 0x00000000eff00000, 0x00000000eff00000|100%| E|CS|TAMS 0x00000000efe00000, 0x00000000efe00000| Complete 
|1279|0x00000000eff00000, 0x00000000f0000000, 0x00000000f0000000|100%| E|CS|TAMS 0x00000000eff00000, 0x00000000eff00000| Complete 
|1280|0x00000000f0000000, 0x00000000f0100000, 0x00000000f0100000|100%| E|CS|TAMS 0x00000000f0000000, 0x00000000f0000000| Complete 
|1281|0x00000000f0100000, 0x00000000f0200000, 0x00000000f0200000|100%| E|CS|TAMS 0x00000000f0100000, 0x00000000f0100000| Complete 
|1282|0x00000000f0200000, 0x00000000f0300000, 0x00000000f0300000|100%| E|CS|TAMS 0x00000000f0200000, 0x00000000f0200000| Complete 
|1283|0x00000000f0300000, 0x00000000f0400000, 0x00000000f0400000|100%| E|CS|TAMS 0x00000000f0300000, 0x00000000f0300000| Complete 
|1284|0x00000000f0400000, 0x00000000f0500000, 0x00000000f0500000|100%| E|CS|TAMS 0x00000000f0400000, 0x00000000f0400000| Complete 
|1285|0x00000000f0500000, 0x00000000f0600000, 0x00000000f0600000|100%| E|CS|TAMS 0x00000000f0500000, 0x00000000f0500000| Complete 
|1286|0x00000000f0600000, 0x00000000f0700000, 0x00000000f0700000|100%| E|CS|TAMS 0x00000000f0600000, 0x00000000f0600000| Complete 
|1287|0x00000000f0700000, 0x00000000f0800000, 0x00000000f0800000|100%| E|CS|TAMS 0x00000000f0700000, 0x00000000f0700000| Complete 
|1288|0x00000000f0800000, 0x00000000f0900000, 0x00000000f0900000|100%| E|CS|TAMS 0x00000000f0800000, 0x00000000f0800000| Complete 
|1289|0x00000000f0900000, 0x00000000f0a00000, 0x00000000f0a00000|100%| E|CS|TAMS 0x00000000f0900000, 0x00000000f0900000| Complete 
|1290|0x00000000f0a00000, 0x00000000f0b00000, 0x00000000f0b00000|100%| E|CS|TAMS 0x00000000f0a00000, 0x00000000f0a00000| Complete 
|1291|0x00000000f0b00000, 0x00000000f0c00000, 0x00000000f0c00000|100%| E|CS|TAMS 0x00000000f0b00000, 0x00000000f0b00000| Complete 
|1292|0x00000000f0c00000, 0x00000000f0d00000, 0x00000000f0d00000|100%| E|CS|TAMS 0x00000000f0c00000, 0x00000000f0c00000| Complete 
|1293|0x00000000f0d00000, 0x00000000f0e00000, 0x00000000f0e00000|100%| E|CS|TAMS 0x00000000f0d00000, 0x00000000f0d00000| Complete 
|1294|0x00000000f0e00000, 0x00000000f0f00000, 0x00000000f0f00000|100%| E|CS|TAMS 0x00000000f0e00000, 0x00000000f0e00000| Complete 
|1295|0x00000000f0f00000, 0x00000000f1000000, 0x00000000f1000000|100%| E|CS|TAMS 0x00000000f0f00000, 0x00000000f0f00000| Complete 
|1296|0x00000000f1000000, 0x00000000f1100000, 0x00000000f1100000|100%| E|CS|TAMS 0x00000000f1000000, 0x00000000f1000000| Complete 
|1297|0x00000000f1100000, 0x00000000f1200000, 0x00000000f1200000|100%| E|CS|TAMS 0x00000000f1100000, 0x00000000f1100000| Complete 
|1298|0x00000000f1200000, 0x00000000f1300000, 0x00000000f1300000|100%| E|CS|TAMS 0x00000000f1200000, 0x00000000f1200000| Complete 
|1299|0x00000000f1300000, 0x00000000f1400000, 0x00000000f1400000|100%| E|CS|TAMS 0x00000000f1300000, 0x00000000f1300000| Complete 
|1300|0x00000000f1400000, 0x00000000f1500000, 0x00000000f1500000|100%| E|CS|TAMS 0x00000000f1400000, 0x00000000f1400000| Complete 
|1301|0x00000000f1500000, 0x00000000f1600000, 0x00000000f1600000|100%| E|CS|TAMS 0x00000000f1500000, 0x00000000f1500000| Complete 
|1302|0x00000000f1600000, 0x00000000f1700000, 0x00000000f1700000|100%| E|CS|TAMS 0x00000000f1600000, 0x00000000f1600000| Complete 
|1303|0x00000000f1700000, 0x00000000f1800000, 0x00000000f1800000|100%| E|CS|TAMS 0x00000000f1700000, 0x00000000f1700000| Complete 
|1304|0x00000000f1800000, 0x00000000f1900000, 0x00000000f1900000|100%| E|CS|TAMS 0x00000000f1800000, 0x00000000f1800000| Complete 
|1305|0x00000000f1900000, 0x00000000f1a00000, 0x00000000f1a00000|100%| E|CS|TAMS 0x00000000f1900000, 0x00000000f1900000| Complete 
|1306|0x00000000f1a00000, 0x00000000f1b00000, 0x00000000f1b00000|100%| E|CS|TAMS 0x00000000f1a00000, 0x00000000f1a00000| Complete 
|1307|0x00000000f1b00000, 0x00000000f1c00000, 0x00000000f1c00000|100%| E|CS|TAMS 0x00000000f1b00000, 0x00000000f1b00000| Complete 
|1308|0x00000000f1c00000, 0x00000000f1d00000, 0x00000000f1d00000|100%| E|CS|TAMS 0x00000000f1c00000, 0x00000000f1c00000| Complete 
|1309|0x00000000f1d00000, 0x00000000f1e00000, 0x00000000f1e00000|100%| E|CS|TAMS 0x00000000f1d00000, 0x00000000f1d00000| Complete 
|1310|0x00000000f1e00000, 0x00000000f1f00000, 0x00000000f1f00000|100%| E|CS|TAMS 0x00000000f1e00000, 0x00000000f1e00000| Complete 
|1311|0x00000000f1f00000, 0x00000000f2000000, 0x00000000f2000000|100%| E|CS|TAMS 0x00000000f1f00000, 0x00000000f1f00000| Complete 
|1312|0x00000000f2000000, 0x00000000f2100000, 0x00000000f2100000|100%| E|CS|TAMS 0x00000000f2000000, 0x00000000f2000000| Complete 
|1313|0x00000000f2100000, 0x00000000f2200000, 0x00000000f2200000|100%| E|CS|TAMS 0x00000000f2100000, 0x00000000f2100000| Complete 
|1314|0x00000000f2200000, 0x00000000f2300000, 0x00000000f2300000|100%| E|CS|TAMS 0x00000000f2200000, 0x00000000f2200000| Complete 
|1315|0x00000000f2300000, 0x00000000f2400000, 0x00000000f2400000|100%| E|CS|TAMS 0x00000000f2300000, 0x00000000f2300000| Complete 
|1316|0x00000000f2400000, 0x00000000f2500000, 0x00000000f2500000|100%| E|CS|TAMS 0x00000000f2400000, 0x00000000f2400000| Complete 

Card table byte_map: [0x000001db37260000,0x000001db37560000] _byte_map_base: 0x000001db36d60000

Marking Bits (Prev, Next): (CMBitMap*) 0x000001db24592f00, (CMBitMap*) 0x000001db24592ec0
 Prev Bits: [0x000001db39060000, 0x000001db3a860000)
 Next Bits: [0x000001db37860000, 0x000001db39060000)

Polling page: 0x000001db22530000

Metaspace:

Usage:
  Non-class:    119.84 MB used.
      Class:     19.73 MB used.
       Both:    139.57 MB used.

Virtual space:
  Non-class space:      128.00 MB reserved,     120.44 MB ( 94%) committed,  16 nodes.
      Class space:        1.00 GB reserved,      20.19 MB (  2%) committed,  1 nodes.
             Both:        1.12 GB reserved,     140.62 MB ( 12%) committed. 

Chunk freelists:
   Non-Class:  2.97 MB
       Class:  3.77 MB
        Both:  6.73 MB

MaxMetaspaceSize: unlimited
CompressedClassSpaceSize: 1.00 GB
Initial GC threshold: 21.00 MB
Current GC threshold: 206.38 MB
CDS: off
MetaspaceReclaimPolicy: balanced
 - commit_granule_bytes: 65536.
 - commit_granule_words: 8192.
 - virtual_space_node_default_size: 1048576.
 - enlarge_chunks_in_place: 1.
 - new_chunks_are_fully_committed: 0.
 - uncommit_free_chunks: 1.
 - use_allocation_guard: 0.
 - handle_deallocations: 1.


Internal statistics:

num_allocs_failed_limit: 6.
num_arena_births: 1708.
num_arena_deaths: 154.
num_vsnodes_births: 17.
num_vsnodes_deaths: 0.
num_space_committed: 2249.
num_space_uncommitted: 0.
num_chunks_returned_to_freelist: 219.
num_chunks_taken_from_freelist: 7553.
num_chunk_merges: 99.
num_chunk_splits: 4873.
num_chunks_enlarged: 3176.
num_purges: 4.
num_inconsistent_stats: 0.

CodeHeap 'non-profiled nmethods': size=120000Kb used=12198Kb max_used=12198Kb free=107801Kb
 bounds [0x000001db2f4e0000, 0x000001db300d0000, 0x000001db36a10000]
CodeHeap 'profiled nmethods': size=120000Kb used=41807Kb max_used=42660Kb free=78192Kb
 bounds [0x000001db27a10000, 0x000001db2a3c0000, 0x000001db2ef40000]
CodeHeap 'non-nmethods': size=5760Kb used=2478Kb max_used=2533Kb free=3281Kb
 bounds [0x000001db2ef40000, 0x000001db2f1e0000, 0x000001db2f4e0000]
 total_blobs=22979 nmethods=21955 adapters=934
 compilation: enabled
              stopped_count=0, restarted_count=0
 full_count=0

Compilation events (20 events):
Event: 51.843 Thread 0x000001db4bc3c060 nmethod 27465 0x000001db300b2290 code [0x000001db300b2460, 0x000001db300b2a78]
Event: 51.843 Thread 0x000001db4bc3c060 27514   !   4       com.google.common.base.Suppliers$MemoizingSupplier::get (60 bytes)
Event: 51.845 Thread 0x000001db4bc3c060 nmethod 27514 0x000001db300b2c10 code [0x000001db300b2d80, 0x000001db300b31b8]
Event: 51.845 Thread 0x000001db4bc3c060 27528       4       com.google.common.primitives.Ints::checkedCast (23 bytes)
Event: 51.846 Thread 0x000001db4bc3c060 nmethod 27528 0x000001db300b3290 code [0x000001db300b3400, 0x000001db300b3498]
Event: 51.846 Thread 0x000001db4bc3c060 27529   !   4       sun.nio.ch.NativeThreadSet::add (155 bytes)
Event: 51.848 Thread 0x000001db4bc3c060 nmethod 27529 0x000001db300b3590 code [0x000001db300b3720, 0x000001db300b3978]
Event: 51.848 Thread 0x000001db4bc3c060 27478       4       com.android.tools.r8.graph.Y2$$Lambda$3346/0x00000001011762b0::test (8 bytes)
Event: 51.849 Thread 0x000001db4bc3c060 nmethod 27478 0x000001db300b3b10 code [0x000001db300b3ca0, 0x000001db300b3d78]
Event: 51.849 Thread 0x000001db4bc3c060 27473       4       com.android.tools.build.apkzlib.zip.FileUseMapEntry$$Lambda$5452/0x000000010142f908::compare (12 bytes)
Event: 51.850 Thread 0x000001db3e0aba70 27530       3       sun.nio.ch.FileKey::hashCode (42 bytes)
Event: 51.850 Thread 0x000001db4772b070 nmethod 27476 0x000001db300b3e90 code [0x000001db300b4440, 0x000001db300b9da8]
Event: 51.850 Thread 0x000001db3e0aba70 nmethod 27530 0x000001db2991dc90 code [0x000001db2991de20, 0x000001db2991df58]
Event: 51.850 Thread 0x000001db4bc3c060 nmethod 27473 0x000001db300bd190 code [0x000001db300bd320, 0x000001db300bd478]
Event: 51.850 Thread 0x000001db4bc3c060 27468       4       com.android.tools.r8.graph.V4::a (44 bytes)
Event: 51.851 Thread 0x000001db4772b070 27479       4       com.android.tools.r8.graph.B2::a (138 bytes)
Event: 51.852 Thread 0x000001db4772b070 nmethod 27479 0x000001db300bd610 code [0x000001db300bd7a0, 0x000001db300bd878]
Event: 51.852 Thread 0x000001db4772b070 27531       4       java.util.TreeMap::fixAfterDeletion (351 bytes)
Event: 51.862 Thread 0x000001db4bc3c060 nmethod 27468 0x000001db300bd990 code [0x000001db300bdb80, 0x000001db300be3a8]
Event: 51.862 Thread 0x000001db4bc3c060 27533 %     4       com.google.common.collect.RegularImmutableMap::fromEntryArrayCheckingBucketOverflow @ 48 (278 bytes)

GC Heap History (20 events):
Event: 45.840 GC heap before
{Heap before GC invocations=80 (full 0):
 garbage-first heap   total 1348608K, used 1119744K [0x00000000a0000000, 0x0000000100000000)
  region size 1024K, 323 young (330752K), 8 survivors (8192K)
 Metaspace       used 140169K, committed 141184K, reserved 1171456K
  class space    used 20022K, committed 20480K, reserved 1048576K
}
Event: 45.847 GC heap after
{Heap after GC invocations=81 (full 0):
 garbage-first heap   total 1348608K, used 795595K [0x00000000a0000000, 0x0000000100000000)
  region size 1024K, 6 young (6144K), 6 survivors (6144K)
 Metaspace       used 140169K, committed 141184K, reserved 1171456K
  class space    used 20022K, committed 20480K, reserved 1048576K
}
Event: 46.194 GC heap before
{Heap before GC invocations=81 (full 0):
 garbage-first heap   total 1348608K, used 1134539K [0x00000000a0000000, 0x0000000100000000)
  region size 1024K, 337 young (345088K), 6 survivors (6144K)
 Metaspace       used 140455K, committed 141440K, reserved 1171456K
  class space    used 20028K, committed 20480K, reserved 1048576K
}
Event: 46.199 GC heap after
{Heap after GC invocations=82 (full 0):
 garbage-first heap   total 1348608K, used 795011K [0x00000000a0000000, 0x0000000100000000)
  region size 1024K, 6 young (6144K), 6 survivors (6144K)
 Metaspace       used 140455K, committed 141440K, reserved 1171456K
  class space    used 20028K, committed 20480K, reserved 1048576K
}
Event: 46.519 GC heap before
{Heap before GC invocations=82 (full 0):
 garbage-first heap   total 1348608K, used 1146243K [0x00000000a0000000, 0x0000000100000000)
  region size 1024K, 349 young (357376K), 6 survivors (6144K)
 Metaspace       used 140829K, committed 141824K, reserved 1171456K
  class space    used 20029K, committed 20480K, reserved 1048576K
}
Event: 46.524 GC heap after
{Heap after GC invocations=83 (full 0):
 garbage-first heap   total 1348608K, used 796374K [0x00000000a0000000, 0x0000000100000000)
  region size 1024K, 7 young (7168K), 7 survivors (7168K)
 Metaspace       used 140829K, committed 141824K, reserved 1171456K
  class space    used 20029K, committed 20480K, reserved 1048576K
}
Event: 46.824 GC heap before
{Heap before GC invocations=83 (full 0):
 garbage-first heap   total 1348608K, used 1157846K [0x00000000a0000000, 0x0000000100000000)
  region size 1024K, 360 young (368640K), 7 survivors (7168K)
 Metaspace       used 141130K, committed 142144K, reserved 1171456K
  class space    used 20029K, committed 20480K, reserved 1048576K
}
Event: 46.830 GC heap after
{Heap after GC invocations=84 (full 0):
 garbage-first heap   total 1348608K, used 797935K [0x00000000a0000000, 0x0000000100000000)
  region size 1024K, 9 young (9216K), 9 survivors (9216K)
 Metaspace       used 141130K, committed 142144K, reserved 1171456K
  class space    used 20029K, committed 20480K, reserved 1048576K
}
Event: 47.077 GC heap before
{Heap before GC invocations=84 (full 0):
 garbage-first heap   total 1348608K, used 1165551K [0x00000000a0000000, 0x0000000100000000)
  region size 1024K, 368 young (376832K), 9 survivors (9216K)
 Metaspace       used 141242K, committed 142272K, reserved 1171456K
  class space    used 20031K, committed 20480K, reserved 1048576K
}
Event: 47.083 GC heap after
{Heap after GC invocations=85 (full 0):
 garbage-first heap   total 1348608K, used 798585K [0x00000000a0000000, 0x0000000100000000)
  region size 1024K, 9 young (9216K), 9 survivors (9216K)
 Metaspace       used 141242K, committed 142272K, reserved 1171456K
  class space    used 20031K, committed 20480K, reserved 1048576K
}
Event: 47.331 GC heap before
{Heap before GC invocations=85 (full 0):
 garbage-first heap   total 1348608K, used 1174393K [0x00000000a0000000, 0x0000000100000000)
  region size 1024K, 376 young (385024K), 9 survivors (9216K)
 Metaspace       used 141352K, committed 142400K, reserved 1171456K
  class space    used 20036K, committed 20480K, reserved 1048576K
}
Event: 47.339 GC heap after
{Heap after GC invocations=86 (full 0):
 garbage-first heap   total 1348608K, used 803840K [0x00000000a0000000, 0x0000000100000000)
  region size 1024K, 14 young (14336K), 14 survivors (14336K)
 Metaspace       used 141352K, committed 142400K, reserved 1171456K
  class space    used 20036K, committed 20480K, reserved 1048576K
}
Event: 47.575 GC heap before
{Heap before GC invocations=86 (full 0):
 garbage-first heap   total 1348608K, used 1177600K [0x00000000a0000000, 0x0000000100000000)
  region size 1024K, 380 young (389120K), 14 survivors (14336K)
 Metaspace       used 141453K, committed 142528K, reserved 1171456K
  class space    used 20044K, committed 20544K, reserved 1048576K
}
Event: 47.589 GC heap after
{Heap after GC invocations=87 (full 0):
 garbage-first heap   total 1348608K, used 817152K [0x00000000a0000000, 0x0000000100000000)
  region size 1024K, 27 young (27648K), 27 survivors (27648K)
 Metaspace       used 141453K, committed 142528K, reserved 1171456K
  class space    used 20044K, committed 20544K, reserved 1048576K
}
Event: 47.957 GC heap before
{Heap before GC invocations=87 (full 0):
 garbage-first heap   total 1348608K, used 1172480K [0x00000000a0000000, 0x0000000100000000)
  region size 1024K, 375 young (384000K), 27 survivors (27648K)
 Metaspace       used 141564K, committed 142656K, reserved 1171456K
  class space    used 20046K, committed 20544K, reserved 1048576K
}
Event: 47.978 GC heap after
{Heap after GC invocations=88 (full 0):
 garbage-first heap   total 1348608K, used 831229K [0x00000000a0000000, 0x0000000100000000)
  region size 1024K, 38 young (38912K), 38 survivors (38912K)
 Metaspace       used 141564K, committed 142656K, reserved 1171456K
  class space    used 20046K, committed 20544K, reserved 1048576K
}
Event: 48.543 GC heap before
{Heap before GC invocations=88 (full 0):
 garbage-first heap   total 1348608K, used 1169149K [0x00000000a0000000, 0x0000000100000000)
  region size 1024K, 369 young (377856K), 38 survivors (38912K)
 Metaspace       used 141642K, committed 142720K, reserved 1171456K
  class space    used 20047K, committed 20544K, reserved 1048576K
}
Event: 48.621 GC heap after
{Heap after GC invocations=89 (full 0):
 garbage-first heap   total 1348608K, used 837751K [0x00000000a0000000, 0x0000000100000000)
  region size 1024K, 27 young (27648K), 27 survivors (27648K)
 Metaspace       used 141642K, committed 142720K, reserved 1171456K
  class space    used 20047K, committed 20544K, reserved 1048576K
}
Event: 51.161 GC heap before
{Heap before GC invocations=89 (full 0):
 garbage-first heap   total 1348608K, used 1169527K [0x00000000a0000000, 0x0000000100000000)
  region size 1024K, 352 young (360448K), 27 survivors (27648K)
 Metaspace       used 142220K, committed 143296K, reserved 1179648K
  class space    used 20122K, committed 20608K, reserved 1048576K
}
Event: 51.184 GC heap after
{Heap after GC invocations=90 (full 0):
 garbage-first heap   total 1348608K, used 858112K [0x00000000a0000000, 0x0000000100000000)
  region size 1024K, 32 young (32768K), 32 survivors (32768K)
 Metaspace       used 142220K, committed 143296K, reserved 1179648K
  class space    used 20122K, committed 20608K, reserved 1048576K
}

Dll operation events (2 events):
Event: 0.008 Loaded shared library C:\Program Files\Android\Android Studio\jbr\bin\java.dll
Event: 0.547 Loaded shared library C:\Program Files\Android\Android Studio\jbr\bin\verify.dll

Deoptimization events (20 events):
Event: 51.681 Thread 0x000001db44ca22c0 DEOPT PACKING pc=0x000001db300a2c5c sp=0x0000000bc55fc8f0
Event: 51.681 Thread 0x000001db44ca22c0 DEOPT UNPACKING pc=0x000001db2ef969a3 sp=0x0000000bc55fc8d0 mode 2
Event: 51.789 Thread 0x000001db47a8c5e0 DEOPT PACKING pc=0x000001db27c82296 sp=0x0000000bc58fd470
Event: 51.789 Thread 0x000001db47a8c5e0 DEOPT UNPACKING pc=0x000001db2ef97143 sp=0x0000000bc58fc8c8 mode 0
Event: 51.815 Thread 0x000001db47a8c5e0 Uncommon trap: trap_request=0xffffffc6 fr.pc=0x000001db300820d4 relative=0x0000000000002074
Event: 51.815 Thread 0x000001db47a8c5e0 Uncommon trap: reason=bimorphic_or_optimized_type_check action=maybe_recompile pc=0x000001db300820d4 method=java.util.zip.InflaterInputStream.read([BII)I @ 100 c2
Event: 51.815 Thread 0x000001db47a8c5e0 DEOPT PACKING pc=0x000001db300820d4 sp=0x0000000bc58fd800
Event: 51.815 Thread 0x000001db47a8c5e0 DEOPT UNPACKING pc=0x000001db2ef969a3 sp=0x0000000bc58fd850 mode 2
Event: 51.815 Thread 0x000001db47a8c5e0 Uncommon trap: trap_request=0xffffffc6 fr.pc=0x000001db300820d4 relative=0x0000000000002074
Event: 51.815 Thread 0x000001db47a8c5e0 Uncommon trap: reason=bimorphic_or_optimized_type_check action=maybe_recompile pc=0x000001db300820d4 method=java.util.zip.InflaterInputStream.read([BII)I @ 100 c2
Event: 51.815 Thread 0x000001db47a8c5e0 DEOPT PACKING pc=0x000001db300820d4 sp=0x0000000bc58fd800
Event: 51.815 Thread 0x000001db47a8c5e0 DEOPT UNPACKING pc=0x000001db2ef969a3 sp=0x0000000bc58fd850 mode 2
Event: 51.815 Thread 0x000001db47a8c5e0 Uncommon trap: trap_request=0xffffffc6 fr.pc=0x000001db300820d4 relative=0x0000000000002074
Event: 51.815 Thread 0x000001db47a8c5e0 Uncommon trap: reason=bimorphic_or_optimized_type_check action=maybe_recompile pc=0x000001db300820d4 method=java.util.zip.InflaterInputStream.read([BII)I @ 100 c2
Event: 51.815 Thread 0x000001db47a8c5e0 DEOPT PACKING pc=0x000001db300820d4 sp=0x0000000bc58fd800
Event: 51.815 Thread 0x000001db47a8c5e0 DEOPT UNPACKING pc=0x000001db2ef969a3 sp=0x0000000bc58fd850 mode 2
Event: 51.815 Thread 0x000001db47a8c5e0 Uncommon trap: trap_request=0xffffffc6 fr.pc=0x000001db300820d4 relative=0x0000000000002074
Event: 51.815 Thread 0x000001db47a8c5e0 Uncommon trap: reason=bimorphic_or_optimized_type_check action=maybe_recompile pc=0x000001db300820d4 method=java.util.zip.InflaterInputStream.read([BII)I @ 100 c2
Event: 51.815 Thread 0x000001db47a8c5e0 DEOPT PACKING pc=0x000001db300820d4 sp=0x0000000bc58fd800
Event: 51.815 Thread 0x000001db47a8c5e0 DEOPT UNPACKING pc=0x000001db2ef969a3 sp=0x0000000bc58fd850 mode 2

Classes unloaded (20 events):
Event: 25.736 Thread 0x000001db3d4f3150 Unloading class 0x000000010110cc00 'java/lang/invoke/LambdaForm$DMH+0x000000010110cc00'
Event: 25.736 Thread 0x000001db3d4f3150 Unloading class 0x000000010110c800 'java/lang/invoke/LambdaForm$DMH+0x000000010110c800'
Event: 25.736 Thread 0x000001db3d4f3150 Unloading class 0x000000010110c400 'java/lang/invoke/LambdaForm$DMH+0x000000010110c400'
Event: 25.736 Thread 0x000001db3d4f3150 Unloading class 0x0000000101098800 'java/lang/invoke/LambdaForm$DMH+0x0000000101098800'
Event: 25.736 Thread 0x000001db3d4f3150 Unloading class 0x0000000101098400 'java/lang/invoke/LambdaForm$DMH+0x0000000101098400'
Event: 25.736 Thread 0x000001db3d4f3150 Unloading class 0x0000000101098000 'java/lang/invoke/LambdaForm$DMH+0x0000000101098000'
Event: 25.736 Thread 0x000001db3d4f3150 Unloading class 0x0000000101093c00 'java/lang/invoke/LambdaForm$DMH+0x0000000101093c00'
Event: 25.736 Thread 0x000001db3d4f3150 Unloading class 0x0000000101093800 'java/lang/invoke/LambdaForm$DMH+0x0000000101093800'
Event: 25.736 Thread 0x000001db3d4f3150 Unloading class 0x0000000101093400 'java/lang/invoke/LambdaForm$DMH+0x0000000101093400'
Event: 25.736 Thread 0x000001db3d4f3150 Unloading class 0x0000000101093000 'java/lang/invoke/LambdaForm$DMH+0x0000000101093000'
Event: 25.736 Thread 0x000001db3d4f3150 Unloading class 0x0000000101092c00 'java/lang/invoke/LambdaForm$DMH+0x0000000101092c00'
Event: 25.736 Thread 0x000001db3d4f3150 Unloading class 0x0000000101092400 'java/lang/invoke/LambdaForm$DMH+0x0000000101092400'
Event: 25.736 Thread 0x000001db3d4f3150 Unloading class 0x0000000101092000 'java/lang/invoke/LambdaForm$DMH+0x0000000101092000'
Event: 25.736 Thread 0x000001db3d4f3150 Unloading class 0x0000000101091800 'java/lang/invoke/LambdaForm$DMH+0x0000000101091800'
Event: 25.736 Thread 0x000001db3d4f3150 Unloading class 0x0000000101091c00 'java/lang/invoke/LambdaForm$DMH+0x0000000101091c00'
Event: 25.736 Thread 0x000001db3d4f3150 Unloading class 0x0000000101091400 'java/lang/invoke/LambdaForm$DMH+0x0000000101091400'
Event: 25.736 Thread 0x000001db3d4f3150 Unloading class 0x0000000101091000 'java/lang/invoke/LambdaForm$DMH+0x0000000101091000'
Event: 25.736 Thread 0x000001db3d4f3150 Unloading class 0x0000000101090800 'java/lang/invoke/LambdaForm$DMH+0x0000000101090800'
Event: 25.736 Thread 0x000001db3d4f3150 Unloading class 0x0000000101090c00 'java/lang/invoke/LambdaForm$DMH+0x0000000101090c00'
Event: 25.736 Thread 0x000001db3d4f3150 Unloading class 0x0000000101090400 'java/lang/invoke/LambdaForm$DMH+0x0000000101090400'

Classes redefined (0 events):
No events

Internal exceptions (20 events):
Event: 51.290 Thread 0x000001db457ebe10 Exception <a 'sun/nio/fs/WindowsException'{0x00000000efb8e1c8}> (0x00000000efb8e1c8) 
thrown [s\src\hotspot\share\prims\jni.cpp, line 517]
Event: 51.293 Thread 0x000001db47a8b2a0 Exception <a 'sun/nio/fs/WindowsException'{0x00000000edd09dc8}> (0x00000000edd09dc8) 
thrown [s\src\hotspot\share\prims\jni.cpp, line 517]
Event: 51.300 Thread 0x000001db47a8b2a0 Exception <a 'sun/nio/fs/WindowsException'{0x00000000edd3b358}> (0x00000000edd3b358) 
thrown [s\src\hotspot\share\prims\jni.cpp, line 517]
Event: 51.300 Thread 0x000001db44ee7870 Exception <a 'sun/nio/fs/WindowsException'{0x00000000ed66b890}> (0x00000000ed66b890) 
thrown [s\src\hotspot\share\prims\jni.cpp, line 517]
Event: 51.307 Thread 0x000001db47a8c110 Exception <a 'sun/nio/fs/WindowsException'{0x00000000ecf97a28}> (0x00000000ecf97a28) 
thrown [s\src\hotspot\share\prims\jni.cpp, line 517]
Event: 51.312 Thread 0x000001db477dd6d0 Exception <a 'sun/nio/fs/WindowsException'{0x00000000ec947dc0}> (0x00000000ec947dc0) 
thrown [s\src\hotspot\share\prims\jni.cpp, line 517]
Event: 51.315 Thread 0x000001db494ec9e0 Exception <a 'sun/nio/fs/WindowsException'{0x00000000ecef6cc8}> (0x00000000ecef6cc8) 
thrown [s\src\hotspot\share\prims\jni.cpp, line 517]
Event: 51.315 Thread 0x000001db47a8b2a0 Exception <a 'sun/nio/fs/WindowsException'{0x00000000ec50cc58}> (0x00000000ec50cc58) 
thrown [s\src\hotspot\share\prims\jni.cpp, line 517]
Event: 51.320 Thread 0x000001db47ae13c0 Exception <a 'sun/nio/fs/WindowsException'{0x00000000f0972dc8}> (0x00000000f0972dc8) 
thrown [s\src\hotspot\share\prims\jni.cpp, line 517]
Event: 51.324 Thread 0x000001db40df72e0 Exception <a 'sun/nio/fs/WindowsException'{0x00000000eb93e180}> (0x00000000eb93e180) 
thrown [s\src\hotspot\share\prims\jni.cpp, line 517]
Event: 51.327 Thread 0x000001db47a8b2a0 Exception <a 'sun/nio/fs/WindowsException'{0x00000000eb6782c8}> (0x00000000eb6782c8) 
thrown [s\src\hotspot\share\prims\jni.cpp, line 517]
Event: 51.335 Thread 0x000001db457ebe10 Exception <a 'sun/nio/fs/WindowsException'{0x00000000eae536f0}> (0x00000000eae536f0) 
thrown [s\src\hotspot\share\prims\jni.cpp, line 517]
Event: 51.338 Thread 0x000001db47a8b770 Exception <a 'sun/nio/fs/WindowsException'{0x00000000eb56bb10}> (0x00000000eb56bb10) 
thrown [s\src\hotspot\share\prims\jni.cpp, line 517]
Event: 51.366 Thread 0x000001db47ae13c0 Exception <a 'sun/nio/fs/WindowsException'{0x00000000e8e785a8}> (0x00000000e8e785a8) 
thrown [s\src\hotspot\share\prims\jni.cpp, line 517]
Event: 51.369 Thread 0x000001db47a8c110 Exception <a 'sun/nio/fs/WindowsException'{0x00000000e8cdf2f0}> (0x00000000e8cdf2f0) 
thrown [s\src\hotspot\share\prims\jni.cpp, line 517]
Event: 51.370 Thread 0x000001db44ca2c60 Exception <a 'sun/nio/fs/WindowsException'{0x00000000e8b5b6f0}> (0x00000000e8b5b6f0) 
thrown [s\src\hotspot\share\prims\jni.cpp, line 517]
Event: 51.377 Thread 0x000001db47a8b2a0 Exception <a 'sun/nio/fs/WindowsException'{0x00000000e84bef48}> (0x00000000e84bef48) 
thrown [s\src\hotspot\share\prims\jni.cpp, line 517]
Event: 51.379 Thread 0x000001db44ee7870 Exception <a 'sun/nio/fs/WindowsException'{0x00000000e7f05468}> (0x00000000e7f05468) 
thrown [s\src\hotspot\share\prims\jni.cpp, line 517]
Event: 51.380 Thread 0x000001db477dd6d0 Exception <a 'sun/nio/fs/WindowsException'{0x00000000e81abec8}> (0x00000000e81abec8) 
thrown [s\src\hotspot\share\prims\jni.cpp, line 517]
Event: 51.713 Thread 0x000001db44ca22c0 Exception <a 'sun/nio/fs/WindowsException'{0x00000000e5020fc8}> (0x00000000e5020fc8) 
thrown [s\src\hotspot\share\prims\jni.cpp, line 517]

VM Operations (20 events):
Event: 50.128 Executing VM operation: ICBufferFull
Event: 50.128 Executing VM operation: ICBufferFull done
Event: 50.130 Executing VM operation: ICBufferFull
Event: 50.131 Executing VM operation: ICBufferFull done
Event: 50.547 Executing VM operation: ICBufferFull
Event: 50.548 Executing VM operation: ICBufferFull done
Event: 50.791 Executing VM operation: HandshakeAllThreads
Event: 50.791 Executing VM operation: HandshakeAllThreads done
Event: 50.944 Executing VM operation: ICBufferFull
Event: 50.944 Executing VM operation: ICBufferFull done
Event: 50.944 Executing VM operation: ICBufferFull
Event: 50.944 Executing VM operation: ICBufferFull done
Event: 51.097 Executing VM operation: ICBufferFull
Event: 51.097 Executing VM operation: ICBufferFull done
Event: 51.160 Executing VM operation: G1CollectForAllocation
Event: 51.185 Executing VM operation: G1CollectForAllocation done
Event: 51.230 Executing VM operation: HandshakeAllThreads
Event: 51.230 Executing VM operation: HandshakeAllThreads done
Event: 51.624 Executing VM operation: ICBufferFull
Event: 51.625 Executing VM operation: ICBufferFull done

Events (20 events):
Event: 50.131 Thread 0x000001db3e12f540 flushing nmethod 0x000001db2a0a4a90
Event: 50.131 Thread 0x000001db3e12f540 flushing nmethod 0x000001db2a0a8590
Event: 50.131 Thread 0x000001db3e12f540 flushing nmethod 0x000001db2a0c3110
Event: 50.131 Thread 0x000001db3e12f540 flushing nmethod 0x000001db2a0e4b90
Event: 50.131 Thread 0x000001db3e12f540 flushing nmethod 0x000001db2a107e90
Event: 50.131 Thread 0x000001db3e12f540 flushing nmethod 0x000001db2a148310
Event: 50.132 Thread 0x000001db3e12f540 flushing nmethod 0x000001db2a216d10
Event: 50.132 Thread 0x000001db3e12f540 flushing nmethod 0x000001db2a221e90
Event: 50.743 Thread 0x000001db44ee7870 Thread added: 0x000001db44ee7870
Event: 50.749 Thread 0x000001db4772b070 Thread added: 0x000001db4772b070
Event: 51.194 loading class java/io/PushbackInputStream
Event: 51.194 loading class java/io/PushbackInputStream done
Event: 51.344 loading class sun/nio/cs/US_ASCII$Decoder
Event: 51.344 loading class sun/nio/cs/US_ASCII$Decoder done
Event: 51.353 loading class java/io/SequenceInputStream
Event: 51.353 loading class java/io/SequenceInputStream done
Event: 51.380 loading class java/util/Vector$1
Event: 51.380 loading class java/util/Vector$1 done
Event: 51.607 loading class jdk/internal/misc/ScopedMemoryAccess$Scope$Handle
Event: 51.608 loading class jdk/internal/misc/ScopedMemoryAccess$Scope$Handle done


Dynamic libraries:
0x00007ff7e4a70000 - 0x00007ff7e4a7a000 	C:\Program Files\Android\Android Studio\jbr\bin\java.exe
0x00007ff8326f0000 - 0x00007ff832907000 	C:\Windows\SYSTEM32\ntdll.dll
0x00007ff830e50000 - 0x00007ff830f14000 	C:\Windows\System32\KERNEL32.DLL
0x00007ff82fe40000 - 0x00007ff8301e6000 	C:\Windows\System32\KERNELBASE.dll
0x00007ff8301f0000 - 0x00007ff830301000 	C:\Windows\System32\ucrtbase.dll
0x00007ff80f170000 - 0x00007ff80f187000 	C:\Program Files\Android\Android Studio\jbr\bin\jli.dll
0x00007ff828370000 - 0x00007ff82838b000 	C:\Program Files\Android\Android Studio\jbr\bin\VCRUNTIME140.dll
0x00007ff831dd0000 - 0x00007ff831f7d000 	C:\Windows\System32\USER32.dll
0x00007ff82fa70000 - 0x00007ff82fa96000 	C:\Windows\System32\win32u.dll
0x00007ff808610000 - 0x00007ff8088a3000 	C:\Windows\WinSxS\amd64_microsoft.windows.common-controls_6595b64144ccf1df_6.0.22621.2361_none_2712ced57382f843\COMCTL32.dll
0x00007ff832200000 - 0x00007ff832229000 	C:\Windows\System32\GDI32.dll
0x00007ff82fd20000 - 0x00007ff82fe38000 	C:\Windows\System32\gdi32full.dll
0x00007ff82fc10000 - 0x00007ff82fcaa000 	C:\Windows\System32\msvcp_win.dll
0x00007ff830f20000 - 0x00007ff830fc7000 	C:\Windows\System32\msvcrt.dll
0x00007ff830ba0000 - 0x00007ff830bd1000 	C:\Windows\System32\IMM32.DLL
0x00007ff8279d0000 - 0x00007ff8279dc000 	C:\Program Files\Android\Android Studio\jbr\bin\vcruntime140_1.dll
0x00007fffd7770000 - 0x00007fffd77fd000 	C:\Program Files\Android\Android Studio\jbr\bin\msvcp140.dll
0x00007fffbc6e0000 - 0x00007fffbd34e000 	C:\Program Files\Android\Android Studio\jbr\bin\server\jvm.dll
0x00007ff831ad0000 - 0x00007ff831b80000 	C:\Windows\System32\ADVAPI32.dll
0x00007ff831b80000 - 0x00007ff831c26000 	C:\Windows\System32\sechost.dll
0x00007ff8320d0000 - 0x00007ff8321e7000 	C:\Windows\System32\RPCRT4.dll
0x00007ff827ae0000 - 0x00007ff827b14000 	C:\Windows\SYSTEM32\WINMM.dll
0x00007ff822c20000 - 0x00007ff822c2a000 	C:\Windows\SYSTEM32\VERSION.dll
0x00007ff829fc0000 - 0x00007ff829fc9000 	C:\Windows\SYSTEM32\WSOCK32.dll
0x00007ff831a50000 - 0x00007ff831ac1000 	C:\Windows\System32\WS2_32.dll
0x00007ff82eb40000 - 0x00007ff82eb58000 	C:\Windows\SYSTEM32\kernel.appcore.dll
0x00007ff829f40000 - 0x00007ff829f4a000 	C:\Program Files\Android\Android Studio\jbr\bin\jimage.dll
0x00007ff82d3c0000 - 0x00007ff82d5ee000 	C:\Windows\SYSTEM32\DBGHELP.DLL
0x00007ff8304f0000 - 0x00007ff83087a000 	C:\Windows\System32\combase.dll
0x00007ff831f80000 - 0x00007ff832057000 	C:\Windows\System32\OLEAUT32.dll
0x00007ff827a60000 - 0x00007ff827a92000 	C:\Windows\SYSTEM32\dbgcore.DLL
0x00007ff830310000 - 0x00007ff83038a000 	C:\Windows\System32\bcryptPrimitives.dll
0x00007ff81c970000 - 0x00007ff81c995000 	C:\Program Files\Android\Android Studio\jbr\bin\java.dll
0x00007ff81d700000 - 0x00007ff81d718000 	C:\Program Files\Android\Android Studio\jbr\bin\zip.dll
0x00007ff8311f0000 - 0x00007ff831a48000 	C:\Windows\System32\SHELL32.dll
0x00007ff82d990000 - 0x00007ff82e282000 	C:\Windows\SYSTEM32\windows.storage.dll
0x00007ff82d850000 - 0x00007ff82d98e000 	C:\Windows\SYSTEM32\wintypes.dll
0x00007ff830aa0000 - 0x00007ff830b93000 	C:\Windows\System32\SHCORE.dll
0x00007ff831c30000 - 0x00007ff831c8e000 	C:\Windows\System32\shlwapi.dll
0x00007ff82f9a0000 - 0x00007ff82f9c6000 	C:\Windows\SYSTEM32\profapi.dll
0x00007ff81c8f0000 - 0x00007ff81c909000 	C:\Program Files\Android\Android Studio\jbr\bin\net.dll
0x00007ff8260a0000 - 0x00007ff8261d7000 	C:\Windows\SYSTEM32\WINHTTP.dll
0x00007ff82f020000 - 0x00007ff82f089000 	C:\Windows\system32\mswsock.dll
0x00007ff814d30000 - 0x00007ff814d46000 	C:\Program Files\Android\Android Studio\jbr\bin\nio.dll
0x00007ff81c8e0000 - 0x00007ff81c8f0000 	C:\Program Files\Android\Android Studio\jbr\bin\verify.dll
0x00007ff807120000 - 0x00007ff807147000 	C:\Users\vaghe\.gradle\native\68d5fa5c4cc2d200863cafc0d521ce42e7d3e7ee720ec0a83991735586a16f82\windows-amd64\native-platform.dll
0x00007fffd8ca0000 - 0x00007fffd8de4000 	C:\Users\vaghe\.gradle\native\e376f236ea51e6404a007f0833ffe2c6e607c4080706a723a18a27aeea778392\windows-amd64\native-platform-file-events.dll
0x00007ff818260000 - 0x00007ff818269000 	C:\Program Files\Android\Android Studio\jbr\bin\management.dll
0x00007ff818070000 - 0x00007ff81807b000 	C:\Program Files\Android\Android Studio\jbr\bin\management_ext.dll
0x00007ff8321f0000 - 0x00007ff8321f8000 	C:\Windows\System32\PSAPI.DLL
0x00007ff82f270000 - 0x00007ff82f28b000 	C:\Windows\SYSTEM32\CRYPTSP.dll
0x00007ff82eb00000 - 0x00007ff82eb35000 	C:\Windows\system32\rsaenh.dll
0x00007ff82f110000 - 0x00007ff82f13c000 	C:\Windows\SYSTEM32\USERENV.dll
0x00007ff82f430000 - 0x00007ff82f458000 	C:\Windows\SYSTEM32\bcrypt.dll
0x00007ff82f290000 - 0x00007ff82f29c000 	C:\Windows\SYSTEM32\CRYPTBASE.dll
0x00007ff82e560000 - 0x00007ff82e58d000 	C:\Windows\SYSTEM32\IPHLPAPI.DLL
0x00007ff8311e0000 - 0x00007ff8311e9000 	C:\Windows\System32\NSI.dll
0x00007ff823230000 - 0x00007ff823249000 	C:\Windows\SYSTEM32\dhcpcsvc6.DLL
0x00007ff823210000 - 0x00007ff82322f000 	C:\Windows\SYSTEM32\dhcpcsvc.DLL
0x00007ff82e5d0000 - 0x00007ff82e6c9000 	C:\Windows\SYSTEM32\DNSAPI.dll
0x00007fffec800000 - 0x00007fffec808000 	C:\Windows\system32\wshunix.dll
0x00007fffa8940000 - 0x00007fffa8957000 	C:\Windows\system32\napinsp.dll
0x00007fffa8920000 - 0x00007fffa893b000 	C:\Windows\system32\pnrpnsp.dll
0x00007fffa8900000 - 0x00007fffa8911000 	C:\Windows\System32\winrnr.dll
0x00007ff823050000 - 0x00007ff823065000 	C:\Windows\system32\wshbth.dll
0x00007fffc54a0000 - 0x00007fffc54c1000 	C:\Windows\system32\nlansp_c.dll
0x00007ff8230d0000 - 0x00007ff8230da000 	C:\Windows\System32\rasadhlp.dll
0x00007ff820fb0000 - 0x00007ff821034000 	C:\Windows\System32\fwpuclnt.dll
0x00007ff81d6e0000 - 0x00007ff81d6fe000 	C:\Users\vaghe\AppData\Local\Temp\native-platform16006352194483575307dir\native-platform.dll
0x00007ff81d360000 - 0x00007ff81d367000 	C:\Program Files\Android\Android Studio\jbr\bin\rmi.dll

dbghelp: loaded successfully - version: 4.0.5 - missing functions: none
symbol engine: initialized successfully - sym options: 0x614 - pdb path: .;C:\Program Files\Android\Android Studio\jbr\bin;C:\Windows\SYSTEM32;C:\Windows\WinSxS\amd64_microsoft.windows.common-controls_6595b64144ccf1df_6.0.22621.2361_none_2712ced57382f843;C:\Program Files\Android\Android Studio\jbr\bin\server;C:\Users\vaghe\.gradle\native\68d5fa5c4cc2d200863cafc0d521ce42e7d3e7ee720ec0a83991735586a16f82\windows-amd64;C:\Users\vaghe\.gradle\native\e376f236ea51e6404a007f0833ffe2c6e607c4080706a723a18a27aeea778392\windows-amd64;C:\Users\vaghe\AppData\Local\Temp\native-platform16006352194483575307dir

VM Arguments:
jvm_args: --add-opens=java.base/java.util=ALL-UNNAMED --add-opens=java.base/java.lang=ALL-UNNAMED --add-opens=java.base/java.lang.invoke=ALL-UNNAMED --add-opens=java.prefs/java.util.prefs=ALL-UNNAMED --add-opens=java.base/java.nio.charset=ALL-UNNAMED --add-opens=java.base/java.net=ALL-UNNAMED --add-opens=java.base/java.util.concurrent.atomic=ALL-UNNAMED -Xmx1536m -Dfile.encoding=windows-1252 -Duser.country=IN -Duser.language=en -Duser.variant 
java_command: org.gradle.launcher.daemon.bootstrap.GradleDaemon 8.0
java_class_path (initial): C:\Users\vaghe\.gradle\wrapper\dists\gradle-8.0-bin\ca5e32bp14vu59qr306oxotwh\gradle-8.0\lib\gradle-launcher-8.0.jar
Launcher Type: SUN_STANDARD

[Global flags]
     intx CICompilerCount                          = 4                                         {product} {ergonomic}
     uint ConcGCThreads                            = 3                                         {product} {ergonomic}
     uint G1ConcRefinementThreads                  = 10                                        {product} {ergonomic}
   size_t G1HeapRegionSize                         = 1048576                                   {product} {ergonomic}
    uintx GCDrainStackTargetSize                   = 64                                        {product} {ergonomic}
   size_t InitialHeapSize                          = 264241152                                 {product} {ergonomic}
   size_t MarkStackSize                            = 4194304                                   {product} {ergonomic}
   size_t MaxHeapSize                              = 1610612736                                {product} {command line}
   size_t MaxNewSize                               = 965738496                                 {product} {ergonomic}
   size_t MinHeapDeltaBytes                        = 1048576                                   {product} {ergonomic}
   size_t MinHeapSize                              = 8388608                                   {product} {ergonomic}
    uintx NonNMethodCodeHeapSize                   = 5839372                                {pd product} {ergonomic}
    uintx NonProfiledCodeHeapSize                  = 122909434                              {pd product} {ergonomic}
    uintx ProfiledCodeHeapSize                     = 122909434                              {pd product} {ergonomic}
    uintx ReservedCodeCacheSize                    = 251658240                              {pd product} {ergonomic}
     bool SegmentedCodeCache                       = true                                      {product} {ergonomic}
   size_t SoftMaxHeapSize                          = 1610612736                             {manageable} {ergonomic}
     bool UseCompressedClassPointers               = true                           {product lp64_product} {ergonomic}
     bool UseCompressedOops                        = true                           {product lp64_product} {ergonomic}
     bool UseG1GC                                  = true                                      {product} {ergonomic}
     bool UseLargePagesIndividualAllocation        = false                                  {pd product} {ergonomic}

Logging:
Log output configuration:
 #0: stdout all=warning uptime,level,tags
 #1: stderr all=off uptime,level,tags

Environment Variables:
PATH=C:\Windows\system32;C:\Windows;C:\Windows\System32\Wbem;C:\Windows\System32\WindowsPowerShell\v1.0\;C:\Windows\System32\OpenSSH\;C:\Program Files\dotnet\;C:\Program Files (x86)\NVIDIA Corporation\PhysX\Common;C:\Program Files\Git\cmd;C:\Users\vaghe\AppData\Local\Microsoft\WindowsApps;C:\src\flutter\bin;
USERNAME=vaghe
OS=Windows_NT
PROCESSOR_IDENTIFIER=Intel64 Family 6 Model 154 Stepping 4, GenuineIntel
TMP=C:\Users\vaghe\AppData\Local\Temp
TEMP=C:\Users\vaghe\AppData\Local\Temp


JNI global refs:
JNI global refs: 27, weak refs: 2

JNI global refs memory usage: 843, weak refs: 841


---------------  S Y S T E M  ---------------

OS:
 Windows 11 , 64 bit Build 22621 (10.0.22621.2428)
OS uptime: 25 days 7:05 hours
Hyper-V role detected

CPU: total 12 (initial active 12) (6 cores per cpu, 2 threads per core) family 6 model 154 stepping 4 microcode 0x42a, cx8, cmov, fxsr, ht, mmx, 3dnowpref, sse, sse2, sse3, ssse3, sse4.1, sse4.2, popcnt, lzcnt, tsc, tscinvbit, avx, avx2, aes, erms, clmul, bmi1, bmi2, adx, sha, fma, vzeroupper, clflush, clflushopt, clwb, hv

Memory: 4k page, system-wide physical 16068M (490M free)
TotalPageFile size 49082M (AvailPageFile size 4M)
current process WorkingSet (physical memory assigned to process): 1103M, peak: 1265M
current process commit charge ("private bytes"): 1802M, peak: 1819M

vm_info: OpenJDK 64-Bit Server VM (17.0.6+0-b2043.56-10027231) for windows-amd64 JRE (17.0.6+0-b2043.56-10027231), built on Apr 28 2023 00:43:19 by "androidbuild" with MS VC++ 16.10 / 16.11 (VS2019)

END.
